x,y
-0.0347455407367416,-0.0153722648746482
-0.0338096552921636,0.0305444548828119
-0.0249489226377211,0.0038589102403003
-0.0177357360185193,0.048668036378974
-0.0125808107822219,0.0672641406494223
-0.0089076559955116,0.0541900268864424
0.0509811604151986,0.0446470342098119
0.006675532293606,0.0977229453203601
-0.0044606458827994,0.1073139963720884
-0.0159061813568137,0.0913061016193669
0.0041982668769302,0.1254191691514989
-0.0247249863246668,0.1647195944050705
-0.0085897387655492,0.1322354897589984
-0.0034950167687376,0.1638234542965029
-0.0037950528953752,0.1785919341682408
0.0029876824222697,0.1630118281865301
0.0332249874103017,0.1916292519040638
0.0051539224859088,0.2202162652957072
-0.0344906805318741,0.2292963867098752
0.0131412770147773,0.241353249026411
0.0128172237996232,0.2282842886410369
-0.0055516146507954,0.2548625906505677
0.0223634086995066,0.2919270346488208
-0.0126695755795188,0.3082082115352967
0.0127616890245032,0.3110546713316844
-0.0392915722197942,0.3465219188315085
-0.0041500440697697,0.3536352435027679
-0.020311758407328,0.3303745668905392
0.0046612248884487,0.3359332010641924
0.0164775723762247,0.3716983494518792
-0.0036032289315133,0.399514877344455
-0.0144954386081609,0.3880675076610402
-0.0405763968660066,0.4225885081483079
-0.0020787852764795,0.397994753519269
0.0134913245656658,0.4035307270010178
-0.0017656347548194,0.4193221519698585
-0.0059454459558396,0.4454983514072924
0.0368289510266921,0.4900114223716857
0.0181253557467423,0.4974857458748509
-0.0186255906890006,0.4852048107858552
0.0365431221943872,0.5188587326813713
-0.0203356924585208,0.5061117687192955
0.0418641591966373,0.5035413590963896
0.0385102508638717,0.568253052671106
-0.0016635093777081,0.547216052648513
-1.7664215661543385e-05,0.5940506016164013
-0.0133756831207501,0.5438122571546509
0.0168203130846639,0.5653050871573067
0.0317997705136938,0.5945049100564453
-0.0091367412565266,0.629247233293891
-0.005114111843059,0.6297731921798625
0.0248798873696688,0.6527646273972225
0.0160375061373516,0.655145719230511
0.0053978746992832,0.6568641046504734
-0.0138604216668584,0.6734911456304867
-0.0003465935246461,0.6915700273617479
0.0034324251286761,0.6904547614393435
0.0003064889267531,0.7231216685279493
-0.0239526295432302,0.6976187351614627
-0.0188140476074012,0.7739631135736192
-0.0155319376690571,0.7310362886401587
-0.0356834227699219,0.7989204085860343
-0.0149795821728091,0.7778912413987418
0.0385558881811218,0.7812011961499084
-0.0170176812856483,0.8164514954549853
-0.0018238462623051,0.8304179559693071
-0.0348073877643788,0.848552543625176
-0.0089833667536133,0.8564430276930154
0.0120360961652815,0.8276071023208332
0.0216356579614765,0.8220042046475783
0.0050753292234227,0.8340294483403099
-0.0122856327935743,0.8904431911721022
0.0283703189224595,0.8893325980112164
0.0180941732737101,0.9211377607221068
0.0104900059120827,0.8871528460419288
0.0209602243963245,0.9380241949427388
0.0077705229084806,0.9620289238957508
-0.0438102669550836,0.979640462183154
0.0022498890213134,0.9584666375145348
0.0080980785044041,0.9863106892595424
0.0250698466835918,0.991635958165316
0.0197035277810572,0.9836829434107
0.021038020662505,1.0526458040393478
-0.0082216238921593,0.9930553956288302
0.0006566549263131,1.058234357154504
-0.0009338716458181,1.0407815213327185
0.019680243858407,1.096430621701797
-0.0109485080207526,1.0698763710655377
0.0083628184217827,1.0691761270988196
-0.024340766904588,1.127213488229156
0.0036083281281523,1.105064896599785
0.0311260836298179,1.1417763928631306
-0.012108081246314,1.1626026583390787
-0.0006152322062646,1.1621045631476192
0.0394861788976514,1.2060886518323823
-0.0201649141205004,1.1980388750164794
0.0328239999289346,1.2031526685596008
0.0078296204792936,1.2143055442054247
-0.0011020284597318,1.2088324882670545
0.0163554366610384,1.253637009442323
-0.006846815538875,1.2576090239890272
-0.0184674414162337,1.2629942040828743
-0.0432743806216973,1.3062667805233708
0.0134277340422038,1.2840468504175184
-0.0111756369109895,1.311099697048756
-0.0188916707051261,1.3130937230971005
0.0179065363356661,1.329688164521689
0.0305104617188572,1.3764572209955332
-0.0314155239024176,1.3897293051085424
0.0405169705106358,1.3743033612370907
0.0077554002406326,1.379108624637228
0.0230957077465565,1.3523232049069276
-0.0324267526844021,1.4196505191658435
0.0025819650030229,1.4531157905309142
-0.0358344044881093,1.4285335892331867
-0.0325598079132491,1.4353250724815343
-0.018186645350505,1.4628383780680376
-0.0017242384033152,1.493570517514662
0.0049663255208712,1.4777568210889656
0.0052418671493381,1.4548965048472282
-0.0169302330499396,1.4937425285832224
0.0148367805989476,1.5027478529165843
0.0038660940273442,1.5328931084394537
-0.0077189485286564,1.5632230996737733
0.0038812455879331,1.5425848069516472
0.0057664173503537,1.553519604637525
0.0235392973939396,1.5540135936286688
-0.0242216315608413,1.568399527693424
0.0125270911139819,1.5656560223654692
0.0214548733454125,1.6129982793135578
-0.0049770755356402,1.6303392483182242
-0.0227945430020949,1.6344709943288176
-0.0085453797972887,1.682745752073719
0.0324983929669075,1.6693853273891246
-0.0049995514058688,1.6823667294180291
-0.0008167087663874,1.692481141368788
0.0280282765412222,1.6701306397300828
-0.0239757658608908,1.734243537818874
-0.0024630325131112,1.7282715671857296
-0.0226334507289371,1.7362236553540993
0.030866505162722,1.7781253550870018
-0.0124622835248202,1.7711678989745168
0.0270388161297012,1.7844804955159437
0.0217044456528651,1.760301409722588
0.0192222240434888,1.809174696609434
0.0085646773711874,1.8132277345309984
-0.0210689308235268,1.8132911439678667
0.0334807262557016,1.838934551488613
-0.0298567653621264,1.8340653783860608
0.0238165297124937,1.8665991691891968
0.0073121129768736,1.926544692344864
-0.0015554320812179,1.926629878870216
-0.0023188730824861,1.892384270243593
0.0032224441034663,1.9421591497349973
0.0337637295720183,1.9638332381155468
0.0045689679506006,1.9063228703435409
0.0020183497839157,1.980421215023004
-0.0115709999745504,1.9515797572134488
-0.0236066711295498,1.9435232192517653
-0.0064233439018567,1.999955136528916
0.0101380558046657,1.993615488291654
-0.0045678168822461,1.9954438424778844
0.0018303557485035,2.04234902697606
0.0336936939582688,2.053228599003361
0.0290419402806595,2.0735071368087485
-0.0130370389142072,2.0611170615933574
0.0043243110064544,2.0449227632070395
-0.0437983411996401,2.106304091836227
-0.0192990849088729,2.0648121856086257
0.0233788620974809,2.080539254603396
0.0197284894137301,2.1366019997966768
-0.0232354878522967,2.145493499231713
0.0143015394981032,2.1880282256509576
-0.0031091721531417,2.195784975213372
-0.0263929014288207,2.2132286155443497
-0.043908116155731,2.1940159224796307
0.0055491964662721,2.180715437134076
-0.0140746696927589,2.191898428021608
-0.0020944389151174,2.2237849501978704
-0.0296353802307362,2.232794770574784
-0.0318434600354807,2.247657214913628
0.0356630143313765,2.262751656754694
0.030595259169114,2.29133779903796
0.0023605123538963,2.274929532279947
0.0124728977779539,2.3126137950742067
0.0260259723949067,2.319084297138941
-0.0275819118520477,2.338037216719914
-0.0098718724897392,2.361553179813104
-0.0024273535785081,2.395607645976337
0.00737634252379,2.379303410904865
-0.0058607763592658,2.401179408631269
-0.0084753970772721,2.379257194647048
0.0161479292368008,2.402092279996665
-0.0053729406565633,2.428309313264188
-0.0143614115284926,2.4377621119836794
0.0210897550134411,2.419773182994416
-0.0298322191838977,2.4831448484462366
-0.0281305517111432,2.505690252630355
-0.0148392077337332,2.462662356171509
-0.0233915348380062,2.5110697013883208
0.0261513517007901,2.502914821783899
-0.0014288331209455,2.510893158350326
-0.0449457946189153,2.5384835752252006
0.0037301960193803,2.54374100261335
0.0438955007813124,2.5600319732687744
-0.0264935092752092,2.5132796158787385
-0.0141922825142334,2.5985987836790607
1.087712292587298e-05,2.591352104972765
-0.0055364375400065,2.5929269925155163
-0.009208098453866,2.601888850732515
0.0040789451248676,2.6469969613458
0.0161332139229395,2.643342697473744
0.0224650062930334,2.681287518154959
-0.0119219996849071,2.689170466054085
0.0123603370958768,2.7116440410300013
-0.0465719512268515,2.6869616420289275
0.0216236851073163,2.711419633855063
0.0246923357709944,2.726659145535618
-0.0047330498995345,2.720662652122174
-0.0262560540437077,2.7461598895930583
-0.0051856990879016,2.745706843997495
-0.0297957889840618,2.752568339764032
0.0051454504612724,2.7998708789849984
0.0028119490663441,2.8064279292339784
-0.0264156716033645,2.8151073689176003
-0.002657282871529,2.8242717924268264
0.0237422162678668,2.8418818573074547
0.0049615110777303,2.8095899245554907
0.0250835914854987,2.890656617835747
-0.0125935601808526,2.8535084419842702
0.0311435447418282,2.920698546760571
0.0296035653563186,2.868139815455165
-0.0042492458721839,2.906842068558101
-0.0203161603673503,2.9431394037900214
-0.0135521827626224,2.941250677478393
0.0143882021876414,2.972259855794862
0.0002166739510854,2.9802925210815547
0.0075478685621167,2.9720161100704248
-0.0144353916923259,2.9492962977758905
-0.0031061480012428,2.9868812154314592
0.0018606987011695,2.9873907797491706
-0.000790682213086,3.012340895209008
0.0139719313983224,3.0490081194780805
-0.0054551529864218,3.0528911257497526
0.0100670705650449,3.0339514471260203
0.0362627867178904,3.056607561949008
0.0243261498489448,3.071937658188345
-0.0128678403560214,3.098091577518048
0.004412090233976,3.112639429371333
0.0114563596887226,3.1318908996974955
-0.0172922929644856,3.120248517215336
0.0037705897609598,3.147652353152481
-0.0118124099219592,3.15537675398118
-0.0175978855836362,3.1527587448460026
0.0413102561076267,3.168575221222748
-0.005914430910743,3.1879595189384418
0.016772041824904,3.202268241415541
0.0074638247471178,3.1948365641808416
0.0070660472671081,3.254913202922056
-0.0109438147088358,3.2712569516294745
-0.0176200386641125,3.2500376343865027
-0.0168493491166663,3.245905367099374
-0.0078239625468025,3.2876223341124664
-0.0192329792656944,3.2699320997855463
-0.0172317143563689,3.285815950503093
0.010926588389024,3.32037192756711
-0.0024983187940854,3.316848471593913
0.0093056253505812,3.3752692475599204
0.0467198578155044,3.3449309688428213
-0.0383222389479015,3.348444821275307
0.0056930487914264,3.3915643602915533
0.0024965809245913,3.3865989238196
-0.0006270401548416,3.38690012049254
0.0021208664950963,3.428840975563089
0.0014335375316198,3.4281216225234337
0.0198568535383676,3.413592155868696
-0.0258368065198358,3.491581509896926
0.0240902766073996,3.460187867657038
-0.0092551863401896,3.485052836805777
0.0261916418962917,3.5452562677656267
0.0283760712083018,3.476301630899993
0.0108085937351897,3.4794635920882224
0.014185489164412,3.505541737840312
-0.0065305114256601,3.506835321153371
-0.0148022443764964,3.5811121753944337
-0.0354027847482412,3.5346401524562108
0.0093184269161802,3.5505077880773226
0.0002140390180737,3.586139661482548
-0.0072433793448586,3.616575837103992
-0.0155714643392723,3.631447134065138
-0.0015439551484235,3.6175822471515247
-0.0056752885319527,3.638842594946636
0.014984950721401,3.657236854226441
0.0142655487056126,3.673421814062272
0.0417988349674472,3.727095420497803
0.0050580007245403,3.678995999773421
-0.0332128244303263,3.7234550056032014
-0.0020050925720136,3.746800911906978
0.011011534321202,3.747020339912723
0.0390550731083427,3.7621334023140425
0.0062440902999958,3.7353210268875614
0.0047347956963918,3.781937566698832
0.0243554688722642,3.78155411622888
0.0094555741426869,3.8307229804836713
-0.010271622306449,3.8223680727700415
0.0002449572490816,3.838313223735347
0.0078454928393451,3.816043105643277
-0.0039628051549367,3.840841695291405
0.031297408851828,3.904245277012038
-0.001488617840702,3.895703243097708
-0.0266912053363796,3.895794424427141
-0.0102455360414479,3.892041994136471
-0.022931975174854,3.904380009850497
-0.0059969936815253,3.917205178179199
-0.0351180665013348,3.935786829437335
-0.0165600272485209,3.917971728073398
0.0105579754906419,3.9467620699872272
0.0005835401546341,3.963108692832433
-0.0083220602415475,3.999016504531698
-0.0322292648077687,4.051314473662607
0.0074261958041916,3.9961040476061167
0.0233367740805387,3.9938117132458473
0.0261814648871106,4.0549380509265145
-0.0106094717926541,4.041999226152448
0.0168806327006104,4.024610329501586
-0.0315842160218781,4.039584510134333
0.0201626143880981,4.126566191250435
-0.0141489302544154,4.082768258547775
0.0111937666382942,4.093542357845705
-0.0046095973137691,4.138990198699767
0.0100649860299346,4.146549380021459
-0.0100742433448406,4.1410294417168725
0.0202644753782347,4.164489269791967
-0.0261415028262298,4.15375510724283
-0.0088690034041012,4.159587726487069
-0.0372142487623139,4.214225015635613
0.0035579740405122,4.241586477932169
0.0094768713569761,4.192329569771662
0.0077229946956107,4.23714560586276
-0.0032145102297176,4.260639999049683
-0.0047264176073189,4.278193686761491
0.0085718279992916,4.296977132750702
-0.0124888697004819,4.303438039392512
0.0025237196654172,4.333886160683559
-0.0172055911569138,4.282905459001016
0.0150307833002929,4.329811896579853
-0.0351389544883981,4.340520397700684
-0.0194813025512839,4.34666417022882
-0.0059807509568401,4.377314644169407
-0.0324475652655057,4.387745680345665
-0.0374495526617268,4.365422377906481
-0.0006636122864028,4.401850002904955
0.025140970471242,4.383389530904728
-0.0110452523417529,4.427021889961122
-0.0181375544020419,4.429981499087217
0.0092267245454343,4.447609858526962
-0.0012495533225106,4.463614552221522
0.0072548785849864,4.425954407357021
0.048583648617647,4.4773235573284
0.0372874379290726,4.510027756616829
-0.049207234611216,4.479887179318756
-0.013012329903557,4.526454240573953
0.0076377600226448,4.5433420866193455
0.0058879476024262,4.556415474720499
-0.0049645135877979,4.578741208776927
0.0088914733395677,4.559372966409154
0.0137559750716499,4.617523910007694
-0.0349241113666873,4.58209086762459
0.0253939091394731,4.623852267242631
0.0062529294419577,4.599800992152098
-0.0070316853756222,4.634505380574395
-0.0136575658344756,4.615339145484678
0.0123687454154656,4.63304635916739
0.0204156909377083,4.68035482743876
-0.0023337569991912,4.674596977437559
0.0060754573223209,4.696766394183718
-0.010567345965068,4.68515686263464
-0.024248674021719,4.725452289817846
-0.0146708042996103,4.759845179196489
0.0055821680901287,4.787789939624405
0.0370145889114817,4.756178659338852
-0.0254569661587264,4.73158982625182
0.0129336873473565,4.7524764594732245
-0.0028916962463433,4.802797987047264
-0.0042130826571322,4.768122232453118
0.026216614704132,4.8403676048703135
0.0071237534678073,4.8154390846991095
-0.0050470720177772,4.802052158442244
-0.0320256747308035,4.845671759805427
0.0187343690945315,4.869507809045584
0.0023586495313444,4.884211873143293
0.0184625194382259,4.910139691560521
0.0022284901166372,4.884847432321234
-0.0262194953055696,4.922545097982849
-0.023986434470166,4.937180915064597
0.0043367589661961,4.950547123811069
-0.0271108204910633,4.957113156905039
0.0205537830313032,4.980085280730627
-0.0036010118455334,4.962683991949177
-0.0305530598667817,4.988610900892599
-0.0062492871281131,4.995968081554768
0.0256310719248494,5.010761208801093
0.0319348819674965,4.999199092870448
0.0239026956420526,4.960248789083978
0.0750349760482469,5.034631915300115
0.025529084958595,5.016931296246223
0.0744368078872255,4.999075782246978
0.1258154572871241,4.977879539443241
0.1202145486697675,4.997767301770733
0.1147508244222914,5.0197548519916015
0.1360430294195266,5.012519057137959
0.1555322970381882,5.017198226154939
0.1419896663432956,4.982546874402248
0.2053929712185944,5.018427052723628
0.1826372902468011,4.962671796896723
0.1984260281941054,5.007939672510708
0.2427816501881845,4.999070151494358
0.2018410773011932,4.986803152161296
0.2813799398410044,5.017262969089697
0.2675628929399807,4.946593026491612
0.2428950279689449,4.989198084649961
0.2776204817041915,4.992801037547256
0.2631939666966228,5.025130125133766
0.2513755160585559,4.957928952363027
0.3248859773375487,4.999289869343969
0.2832037002107155,5.011841198782082
0.3286206059421952,5.005061066865303
0.3722319319663378,4.996967852090224
0.3486133722273589,5.000472663229739
0.378494079447684,4.975744380415037
0.3752947007936861,4.98001318901132
0.3898774075731605,4.990630450636628
0.4042477500342868,4.998920386320049
0.3920113125038034,4.986929000074973
0.4372977229694498,5.007863074839242
0.4544557570574616,5.011079491690425
0.4728093449044653,5.004074103674728
0.4598168376358635,5.004578509385051
0.4933219117982902,5.030315996803375
0.4950444274671585,4.9871320152988
0.4969906817957745,4.975085195898419
0.5140733493542742,5.0087476175989165
0.4979109542166128,5.0106703644717605
0.5727885029424116,4.99191832083637
0.5569684482515176,5.010990677884425
0.5669274393976313,5.006761754809019
0.5792546731040421,5.015887385254005
0.5547693475904797,4.996952797797408
0.6100531486253761,5.009557067937359
0.5831416295343601,5.013782686271049
0.6129924342784803,5.009104372065674
0.6069414156091384,4.981570839410773
0.6865091067953782,5.016404344956321
0.6635818415686378,4.990522953591531
0.6940986729977865,5.030598209442061
0.6938758937551185,4.970178301579417
0.7404891696449641,5.012283756403294
0.7474352126439499,4.948841031969609
0.7216322898400367,5.010711896612384
0.7451690545378816,4.972859765274413
0.7310972115238733,4.977754054237957
0.7642981551150447,4.9796467066032735
0.7864103313164895,4.981373747477242
0.7542010253075464,4.994807523103607
0.7949044973316545,4.976150018729909
0.825351906854732,5.031619125836814
0.8178159174553887,5.0084784257990265
0.8297746025901177,4.980646922467621
0.8242577484072914,5.015752021554931
0.844003514995659,4.9939839251268285
0.8803122110219611,4.998211918374079
0.933606428592404,5.000539124785653
0.9194590298286952,4.976036935115537
0.9019782822128828,5.009464137706088
0.9564590721017704,4.998134496690658
0.9323981705682534,5.003965191320858
0.9015591080893954,5.009101296011643
0.958667922764507,5.002214781110832
0.9946805265095916,5.018367981243236
0.9909426169857346,5.012355426748588
1.0109237342436834,5.002775914250991
1.0339342142493604,4.957902017040156
1.0160450297170078,5.005763389494198
1.0501533197335642,5.039477379953152
1.0766813250392029,5.032792201352351
1.060614511200109,5.016330994707455
1.0842083722746487,4.998694898602915
1.0718653376957643,5.016153343783986
1.0904401873975966,5.004800938980386
1.1381233934192496,4.9837454874557965
1.0989179267308489,4.979976265566364
1.1482027318059247,4.996786777529188
1.1549635576478077,5.016217817522951
1.1500929874539068,5.0087994744697015
1.1967144858756966,4.983500566966352
1.2046910110086446,4.985591934829667
1.227153876734501,5.01377948991066
1.2199684842236558,5.008426569362454
1.242904764047277,4.985470300336984
1.286151932142752,4.986053291070059
1.2552868504833476,4.965535453515032
1.2491645197385792,4.997112880069241
1.291214061720836,5.019945154436696
1.3058669683860316,4.9860317100822655
1.3075937754940747,5.024716545810263
1.2977303093018586,5.012731057238295
1.3224964195490518,4.991578474784671
1.3493233110107472,5.0037470943286975
1.3605073327344548,4.995762489190367
1.3733698939431185,5.022747675885066
1.3796715727790387,5.028701582066709
1.4017494412213969,5.011852562274221
1.4247530595275997,4.999263585766999
1.4166473919074445,4.987655662186371
1.4494335667155085,4.993842626028804
1.4704754578920338,4.982272509762474
1.483264074874486,5.001477597593647
1.487344953679728,4.929186590780887
1.482501887571321,4.999013155477055
1.479528160691961,5.00277721450463
-0.0078005237736635,-0.0011212933503126
0.0211188987068507,0.0235622797125208
0.0425709853711678,-0.001721048356195
0.0292748634779495,-0.0180814392571054
0.0466429941218815,0.0105399906672396
0.0614678171342815,0.0099265139953087
0.0785646255293882,0.0138129578738076
0.0686006556933699,-0.0163997788371608
0.0986960572185661,0.0261389941087222
0.1059097926037176,-0.0378723635041513
0.100910075774519,0.0102740520462657
0.1263275478189078,-0.0172365823526365
0.1359456172972888,-0.0229925456020093
0.186611791958672,0.0093546195444594
0.1851463464841943,0.0159182329500046
0.194747083557695,0.0110884557053182
0.214214678261718,-0.0076512088183887
0.2196628262613323,-0.0375478767835731
0.2244143388138181,-0.0171830452923954
0.2136881113501222,0.0157239409450191
0.244360986191831,0.0111876979129851
0.2552678924371953,0.0317064454945105
0.2862369982359387,0.0408461866661191
0.2973404938710687,-0.0099034263706355
0.3322990826131854,-0.0018398747020404
0.2833901482390716,-0.0102925725497519
0.3265476937793635,-0.0029197597787913
0.3432462079049845,0.0186829980492025
0.3734248807226527,0.045455066232196
0.3370785623072537,0.031351931755583
0.415572077758514,0.004982247487904
0.3832189426672177,-0.0021293140160566
0.3658924572374512,-0.0320920320927271
0.4166231663783333,0.0437136925903918
0.4121886756956742,0.0200517343385353
0.4557812392376064,0.0005066267207929
0.4567110217035036,0.0318513579385319
0.4307210340514975,-0.0146400705330506
0.4565924262928176,-0.0191146879677257
0.5243277177135335,-0.0087358562657273
0.5147630462655685,-0.0303380584127241
0.4922645029671093,-0.0138864340305547
0.5100219750808876,-0.0011554017692514
0.5602769486554541,0.0143720193969576
0.5472158273442916,-0.0219642153600859
0.5307617723895542,0.0068162072666093
0.5643213407953587,-0.008546784222652
0.6076194882544127,0.0179713581041406
0.5915661628124749,0.0132644962499028
0.6244029295828848,-0.0051314638210395
0.603744632941263,0.0038975703469904
0.6504054650864666,-0.0098401583593567
0.6641887747717906,-0.0321170321756503
0.6851853432834231,0.0399726485815428
0.6929046512685298,0.0049152982313672
0.6994138198896045,-0.0098180065430662
0.7211255862496451,0.0288535209952001
0.7663053168967277,-0.0003707358934819
0.6983460136152594,0.0118424923732595
0.7579521516144205,-0.0267387530085629
0.772779178753524,-0.0409591146539354
0.7620985790999295,-0.002934150585161
0.7749599110284701,0.0239211520184065
0.7814138648648905,-0.0233878779832647
0.8167099055555007,-0.0004375888146281
0.858674334764515,-0.009301400917646
0.8404210677592572,-0.0208741063437456
0.8448294028925141,0.0162299257413426
0.8772990023998813,0.0111900360255332
0.8656309038910361,0.0031683743547605
0.8894017896176697,-0.0066939027010136
0.8994047785145124,0.011982577916658
0.9152440293140848,0.0191345571104195
0.948174799230768,-0.0234328294941984
0.9642961561665744,-0.016188252843793
0.9211981150511868,0.0055595759487209
0.9435658160961372,-0.0210591236197138
0.9738790525636556,-0.0235754914661247
0.977959741745755,-0.0173715793662729
1.0107941786998795,-0.0105603712603386
1.0162151265839785,0.0329961267491296
0.995185219746212,0.0328282433475611
1.0100885208676502,-0.0066011435661152
1.0309369991839223,-0.0175960292213297
1.0556168997393218,0.0394422300127683
1.085312977791873,-0.0184916734964202
1.086221955684771,0.0130674132169049
1.1225832813484562,0.0264251047683429
1.0951993320359623,-0.0114888968997117
1.1512202812160484,0.0431828834560298
1.145757665191982,-0.007674546441248
1.1682997800924375,0.0099524153139517
1.1879433254771448,-0.0118998028782167
1.1886013215677085,0.0378894696156708
1.2097666252496877,-0.0288429344415315
1.1875256208386005,0.0274973910047015
1.2014407953359307,0.0257508998239064
1.1880017273923495,-0.0109718141036829
1.227102607930847,-0.009323845121578
1.2640742858481655,0.0268446290663467
1.2828287477895697,0.0421417197573558
1.275740596098387,0.0039070131738186
1.2689704535596722,0.0064216502985124
1.3098397495394665,-0.0039584190625212
1.333709907447607,0.001650901566342
1.314072851353054,0.0092842759919581
1.3421262190220902,0.0002310668702037
1.355586494187026,-0.025183570667605
1.383177211720362,-5.885571229344256e-05
1.350747637473135,0.0086053934851527
1.3943296128539224,0.0184728828497094
1.3964663278553078,0.0063706173481637
1.4044192583321953,0.0241077305820288
1.4294713878447305,-0.0535198993445161
1.416174180109066,0.0250323981070791
1.4556787318520463,0.0389121212897783
1.4401476531750348,-0.0099484902087768
1.4561861855330187,-0.0111870802468863
1.4710941325623723,0.0064151680282647
1.4640837871836525,0.0187508737590359
1.503403798427818,5.0045407516038525
1.5401298293527956,4.959106476240429
1.4949709060133287,4.97822504365167
1.5159572817682212,4.966203887364451
1.5229697968410607,4.954229623712081
1.495604710039964,4.97842989145264
1.5145145466292005,4.918783776693689
1.5401653458446052,4.938556885548644
1.5106179391802268,4.893695469085187
1.5085995679454427,4.888528059561186
1.5201854666600965,4.858335764004582
1.5325769345894555,4.870136004664558
1.5396852587573426,4.820415030512581
1.519555953907051,4.853637766278421
1.565088143674498,4.852406316264291
1.57850221838095,4.832017153718486
1.5663708974197568,4.801484095267533
1.5609661741864649,4.778954958909451
1.571119040402219,4.779436551401642
1.5540001399754262,4.72047804403477
1.5808655870421904,4.754702803565934
1.5580015865088828,4.7467633060497
1.5461315001235632,4.7230201646072105
1.6267516364379877,4.703160269134695
1.5923567105405851,4.73364052123925
1.5617906538320518,4.697909876256262
1.5730016931313726,4.709769129972485
1.6011680248499198,4.666093462639608
1.5979254478852636,4.679950135915356
1.617365548720902,4.652051138993268
1.6437692882367445,4.647086241220696
1.590963034751376,4.623846218930052
1.6196599507254503,4.606595174152847
1.5877476942196969,4.579852559798802
1.6204361046080382,4.581649589291582
1.6395343716163433,4.588972933625218
1.5962895248232067,4.536598366582771
1.6450827021649816,4.531256869536012
1.6296986576802852,4.582712620292334
1.6406412528555183,4.51922016918747
1.673421615818986,4.517322913458371
1.5934755725947745,4.463746540626968
1.6503640138094835,4.4689718148035285
1.6609335864285824,4.479586104359841
1.628696589712233,4.497269909278548
1.6714016753981298,4.4407447888188
1.6942655132301263,4.438643158201433
1.682181615090554,4.40486170822836
1.6548450234570915,4.436783640832493
1.676984476473063,4.405239333059822
1.649878674206979,4.378452268852167
1.6875671647855552,4.380939599235744
1.67267493343539,4.356254468761141
1.693649638296351,4.372114456481323
1.6819964095763225,4.380168610766859
1.6756035628575627,4.3366001805405725
1.6550167723393006,4.316044646929721
1.6803626184141924,4.3258082974872725
1.699195003182268,4.271341825707089
1.6879720645535228,4.309118396310637
1.711143875926218,4.282801408400945
1.716105848725057,4.2796341087696135
1.7175405109703916,4.226395994062525
1.731210345090782,4.268536616337371
1.7157743654752018,4.222217734217433
1.7000871073763582,4.230960456956841
1.7246643010132614,4.210772167216947
1.7170200803876912,4.226735566051247
1.7036595483560733,4.14066927404126
1.6945838350320117,4.154219246628845
1.6941727982726946,4.1184910421754
1.7536491611870462,4.138140135833157
1.7028272598153424,4.130595892803162
1.760786392871035,4.145302345335421
1.7540884105667172,4.082997429022893
1.7704278161527758,4.094862540085349
1.757295636472453,4.072016360303827
1.7576013549042506,4.04744014423218
1.7495212433972782,4.074820367382713
1.788574096654814,4.024459462926024
1.7462515850328473,4.037936338290138
1.7676093936598656,4.0342772734513535
1.7878427017344405,4.005643887220946
1.7596192089864695,3.9869373775781214
1.8003847631301666,3.9613918731372406
1.7815447773509607,3.9604979244811456
1.825192925534764,3.938797593508322
1.821271195609442,3.9470990825345424
1.843077449437196,3.9237494335460936
1.7431262151833316,3.9228123372435766
1.7845899932204885,3.940152731931513
1.7919784581397942,3.906190197741544
1.842403318837134,3.827527994599029
1.7979458338327152,3.8798665189455153
1.8448434112979744,3.830331910403808
1.831019405206879,3.82740538257658
1.7657143301967693,3.8567429491162
1.8400452487776369,3.840471282163552
1.8045532929530097,3.830175638957894
1.863721557514995,3.825125457276538
1.7911391587358565,3.751129287972622
1.8532001287631283,3.7835822502352
1.8320084897446205,3.795572899195217
1.845136355463268,3.752499023302237
1.8367654662310613,3.735653402880468
1.848669361446676,3.740948396753789
1.858571446520405,3.712597163209134
1.8215472060816145,3.682930004215364
1.903527919273816,3.697002032833383
1.8627474222543496,3.658246962910962
1.8598506862736948,3.669100569192144
1.8960537252529952,3.6138925262492254
1.899972089109843,3.6598015002094177
1.9130097474771228,3.587227645294717
1.9243607587888685,3.644203855257052
1.903390621886193,3.615434357973232
1.835044013106986,3.6075509169334334
1.873423618494346,3.579360433573974
1.867195198276864,3.5778521735657693
1.903512766971031,3.5655019103462755
1.926233231045508,3.525645104911885
1.8965933594323543,3.5494624538032102
1.901712158051804,3.550904127195719
1.8983795206460583,3.495640408193641
1.9064794136076213,3.486486704273392
1.9409360486770184,3.479470118834166
1.912355730155193,3.4922252621967407
1.9561935934635863,3.459275148528259
1.932122150185024,3.45616779782356
1.9077190892164688,3.380610420048358
1.9623738159744983,3.4292097158138617
1.9514470932281915,3.3894462230965643
1.928724864181056,3.391722666067781
1.9491421839609144,3.370575916641393
1.948576002298018,3.354711617318166
1.9776916504124264,3.34979214619146
1.9617788238965816,3.366534721865769
1.9870751971018887,3.295758296069796
1.970345462374608,3.3099117126017883
1.9090258641141125,3.3165712179621294
2.002632890439241,3.2790702861812453
1.9893348112468268,3.2870824916096604
2.0123590782674152,3.27413174124344
1.988790619843236,3.2419187653423025
1.9825129528024448,3.2536849200732774
2.0061913490527563,3.257456922082459
2.023672270955028,3.2443328967382823
1.993368370167366,3.212354987156704
2.004904047544537,3.164051271265446
2.002352649150664,3.189251004821969
2.003508392565638,3.1844888433739684
2.026822168895408,3.191824096549103
2.0336936624450304,3.1587289788981034
1.9907837576058816,3.17033590680556
2.049976218941266,3.1472533294943563
2.0241184543750124,3.123933231330878
2.003772388853981,3.1144204359726686
2.008602801674748,3.096715557035419
2.046967385871401,3.093537132793831
2.016102564667277,3.06446269254665
2.012861799269478,3.027739034133233
2.0731647063194694,3.065440735455528
2.0573190857733263,3.0160502644914096
2.014753635104876,3.016059144100395
2.0607558846383345,2.991284026289143
2.0479076687452094,3.00390046817077
2.0605972666546712,3.0160251791667427
2.069244780790442,2.9797154364533047
2.0556555898464137,2.9516379128488874
2.0587714670609283,2.9339062767734987
2.084415386297812,2.981460029718388
2.087493329518584,2.932937954491456
2.067848884611443,2.8967751051375736
2.094901574968008,2.896742246292052
2.11867117395154,2.892451939056617
2.109293419395908,2.8701885585662463
2.0974885242997345,2.856331700727569
2.090629123561645,2.892111000543272
2.087960418796569,2.8503334340177413
2.1007907863964324,2.8286418577051093
2.103156244718997,2.8414025090187613
2.1092587706870902,2.794483451405669
2.1181492265754915,2.789140349524754
2.1572311352252243,2.780235489410372
2.130164540607886,2.7901104104624173
2.112065808849536,2.751522859694272
2.1475794365247114,2.7237025002956634
2.106707174764122,2.727831778438704
2.0882395807389886,2.7375602481061216
2.169142345313217,2.700104218494202
2.180543852853902,2.695870354228803
2.146110362350085,2.6833696344477134
2.1651367576251865,2.6905589914725434
2.158479325022651,2.639499452944151
2.152887189602539,2.6385157903936114
2.138034577829937,2.624560936658921
2.2045314955142845,2.625531577366524
2.156274987420522,2.6021608392259044
2.1494977218682267,2.616477916029345
2.2125476890797287,2.5790059535708942
2.17111439354246,2.566159740919307
2.168755584296138,2.551161910901571
2.1534042193862213,2.51803023372285
2.1535365218340425,2.526542447174628
2.185166695928149,2.5211287416419035
2.225885917231964,2.48610781934142
2.210879718688999,2.5251750360461496
2.1804761380529865,2.481459944651623
2.1528705582445644,2.507888764213736
2.1763808902972213,2.4689859896141795
2.20326243375178,2.486777563813237
2.1850417042402235,2.4488789314461155
2.1484394113905547,2.446321890210497
2.169938895732276,2.3999795537612285
2.213361698652837,2.430189747486412
2.1531746688670497,2.4515167328344067
2.15184016104282,2.3815899203612614
2.1496365074172883,2.378395937735116
2.180757912560847,2.387048996963439
2.171577566502195,2.344844257870806
2.157226329893931,2.3482229596908675
2.182963645615497,2.3263357121639423
2.148755586009013,2.3137028391654875
2.126942844348273,2.292779642727402
2.1344855688557547,2.3256888839226333
2.121908242038509,2.2836613020406427
2.1208024632134643,2.269372475897049
2.110720666033615,2.2764694868578768
2.151433969244452,2.253569462851906
2.088410070471028,2.2298794920554044
2.138776551557484,2.209225654978127
2.139354616498484,2.1878036290898413
2.133778774235452,2.194942611014564
2.1060090045262227,2.216944425904765
2.122931374204444,2.17082910542491
2.1295848724230053,2.1845337262054048
2.1328668169104064,2.135322775619772
2.081395209041951,2.166488260313037
2.073210050337004,2.127822909431964
2.095309994157592,2.1211062778426304
2.1240658988776726,2.051288157832744
2.0859625747729127,2.134137954263509
2.0685923648981737,2.05938681899882
2.091174719317132,2.097595990838954
2.10043963195556,2.063911092419902
2.102127591870275,2.008688312446344
2.071136427901713,2.010431293007756
2.10219950294416,1.992733498189998
2.0628746800202924,2.000193206020884
2.0512546356170573,1.9932377851384824
2.080194436169278,2.002264950819579
2.0799470094341235,1.94898311129894
2.0671477967975265,1.9321357348194148
2.0445785909790426,1.91750432967707
2.0703630594595,1.8995269172492373
2.019339695313185,1.9003331240504768
2.061596969670731,1.897363050822696
2.021962413943022,1.885288423543585
2.021134139808971,1.8861780903798515
2.0366843037614264,1.877712679349207
2.0179265989166253,1.828651104080801
2.0137715554945483,1.8359827380304048
1.983064278677961,1.8209937507160248
1.974210337571198,1.8336104255418872
2.0052691682855044,1.8089817805583943
1.9833582232393208,1.79449656981957
2.0239235845968,1.7949150569206738
1.9926512582654112,1.7913006390169517
2.032582183732571,1.7878828211629505
2.004020909442892,1.7530531850115902
1.9946200683623665,1.7305336338757795
1.9854000870931,1.7351218173808547
1.9617073041820865,1.700543863721803
1.9944011021421268,1.68203564172002
1.982917118269195,1.6591153443270912
1.9569331399978744,1.6994593501751998
1.983729252437424,1.6509049193666527
1.9635510273339984,1.6710674175849296
1.974053834766536,1.6366744203823134
2.025256178020492,1.6390605694279008
1.959865017985936,1.6250843125776004
1.9684809647504025,1.606444612237221
1.9317597929775527,1.5668206834946974
1.9255121406401503,1.571654662780949
1.9174201461848417,1.573626634005213
1.9325944701723885,1.53858517600351
1.945686811017312,1.5246495510983502
1.934478738486349,1.527367236447004
1.894672943050817,1.5176717863977265
1.933010784366702,1.5117488975314393
1.932823976377159,1.4876636789151283
1.905972780553736,1.5200023288222515
1.9463617320695727,1.4563907367906568
1.9031522996446,1.4570794211804474
1.9112443332737337,1.457659351636486
1.9133493749291828,1.4237353940495945
1.9135105226663336,1.4352870522385048
1.865545336005032,1.3997057664135355
1.88529087044558,1.3790800309977742
1.903325092995568,1.3701095109756758
1.899576505318179,1.373586921796058
1.8711007213839896,1.3515912527089722
1.8918057612295105,1.3399412544185925
1.8929034105068347,1.3172048442179751
1.860883800584291,1.320813108542909
1.8712568615930043,1.3377757074652172
1.881807907657116,1.3065474017202945
1.8384136699596776,1.3217159107493892
1.859391039431988,1.247596008291391
1.872179103587688,1.2898255542827664
1.8642458685794268,1.2590004302611488
1.835941638287071,1.2262860603186971
1.8256896930751887,1.2234653470311572
1.85397802772479,1.2067376115482429
1.8852955325037235,1.160991982868961
1.8309303116191733,1.1646873995819222
1.8184540551117927,1.161853551815906
1.8364348826687824,1.1603390354589067
1.8090463316878864,1.169312008265888
1.8173616109279007,1.1201347888999456
1.8025153469695088,1.123353130736025
1.820342719682076,1.110603008542138
1.80662286064382,1.094388499841019
1.782928319619163,1.0800020039922131
1.8347536050052808,1.0705260642469432
1.777551289307327,1.1086703488768108
1.836516166443283,1.0461844131245976
1.7821388030249077,1.0447900274068789
1.7955566301864645,1.0250108338593062
1.7795859522197472,1.041379607740727
1.783661919648553,1.0334829228661475
1.8347888295682069,1.0100840491379703
1.7938651537268364,1.0100673327165386
1.7531882415863618,0.9704769710744352
1.7657791172151165,0.9642079711200564
1.7324328600825936,0.9317502902183888
1.7781124337883203,0.9286420699842528
1.7285841357626337,0.9314668184647452
1.7642966297313472,0.8799377183869711
1.730487111661435,0.9255728083713616
1.7619165585594132,0.8989376872785466
1.7417191147433502,0.8625346908946272
1.730749496773299,0.8424950916233069
1.713823476544637,0.856930178171872
1.7003921312301475,0.8444665521629902
1.702301032635283,0.8566332867075137
1.7397661516001524,0.82005551974643
1.7281501177980023,0.8053926818384446
1.6923153520956276,0.7755340099437568
1.7054479962673077,0.7644124643971895
1.757956941593542,0.7522962060323052
1.692928929683628,0.7766285930398029
1.7329737150682196,0.7424170142383728
1.6985266897690252,0.7357052364600811
1.7249013203647436,0.7091117771235791
1.7146035451361814,0.7180665363137988
1.6541693378339215,0.675810280844177
1.6393866330493911,0.6554021302053196
1.7008701899647718,0.6941085660915822
1.6886891420859933,0.6563762412076208
1.743796139549402,0.6067251781263956
1.6873109088043985,0.612683274503545
1.669113720675771,0.627250735000093
1.6678985278729883,0.6035319136128462
1.696549202747672,0.6097500221431578
1.6726703222683392,0.5748981569570321
1.68199612953031,0.576041431722881
1.6532472877625697,0.5418164313280657
1.6443494028037249,0.5576429702081238
1.646912534546677,0.5309880892114107
1.6645345526341575,0.5600880430159768
1.669881368880244,0.4889731156953416
1.6473555254794576,0.4895966099120897
1.6506820295241973,0.5178782739455379
1.6468775972685068,0.4321336429352921
1.6336142010782029,0.4435942186546752
1.6078664952090809,0.4895051833799684
1.628312864335728,0.422734756914894
1.6543029390674833,0.4353484926718343
1.6205835154608212,0.4216063496271393
1.6170481114612592,0.4062877605675799
1.640054732049144,0.3879506718123405
1.593870747712161,0.3976160674556741
1.600914350080334,0.3492922102931367
1.6064822823251803,0.3302492188214124
1.6017127027201925,0.3560173688774606
1.5797486709041757,0.2989547246250791
1.576332759256318,0.3394377085918461
1.585976428937618,0.3322169463645852
1.6045699999635403,0.3136452317677492
1.573451356305552,0.2762499106735174
1.5992126254700385,0.257852131812261
1.5997104781154503,0.2399544403806593
1.5291625931574673,0.2214007925855675
1.5795720524713666,0.2219717493936883
1.5551873083952887,0.2051606804209441
1.5505257001357784,0.2012210582887249
1.5622831670549415,0.2080796213656838
1.518923759031054,0.1916568598775624
1.5189162285871711,0.164548603417773
1.5332947459028596,0.1571502322750574
1.5736878288584086,0.1342142148098864
1.5437951660529483,0.1109056799585387
1.531780422474957,0.1288034541344149
1.5435204499682702,0.1265314610634854
1.531847225600944,0.0828849376996949
1.5171699777384433,0.097079763129547
1.5288583651314205,0.043582786082101
1.5272933281489476,0.0497796359916112
1.5182317965323942,0.0133952068564057
1.5288186680792697,-0.0108349286364106
1.4865588344710938,0.0045029981031723
1.5180929644062906,0.0396416083383215
1.5097392774593277,-0.0168726502832305
3.000315740732781,-0.0233408254422316
3.013342789615426,-0.0081111778619586
3.0261276309081846,0.0227197863219647
2.96971711160994,0.0217570649447893
3.010847592080078,0.0701418571253625
2.9929334481850467,0.0609623433316513
3.00598458495377,0.1100611416278978
3.00611586719214,0.0692323785147037
3.0181564171185435,0.1170386556770191
3.07997029783589,0.1364488686247378
3.02012984376352,0.1549127856553945
3.042722180794574,0.1406250609295719
3.0498629860814592,0.1601973320167722
3.057604940430956,0.1718930884276067
3.0458960274496945,0.1753874588877195
3.037826975063888,0.1670552399991003
3.040637394153803,0.2130213601691906
3.0139849652442936,0.1900430388770065
3.0488512764099074,0.2184167509894609
3.005706203509168,0.2396132618132692
3.075074566834102,0.201217587154605
3.078078331034277,0.2410050906080958
3.054376506116117,0.2709986103288314
3.055894226220251,0.2646202470768155
3.060004547770612,0.2981485665273784
3.03727346720526,0.2856860127964119
3.0692490833360906,0.3180849061041703
3.069304522897276,0.3081271762635488
3.1102089808880256,0.3730126067384818
3.074363584061941,0.3605101078839193
3.1112072547510845,0.35917310982149
3.0545201122960384,0.4341299126917953
3.0803038251527246,0.3755704626392557
3.075106743189251,0.3962217416306141
3.084316723411818,0.3930233710097787
3.0571838148316446,0.3950915269814575
3.1078220739767546,0.4570792445457689
3.082083528043951,0.4642694334343336
3.080668772987687,0.5021012985946448
3.079686641428754,0.5059938348938398
3.084341565089912,0.4835924413458335
3.075834714319231,0.515578272081645
3.1124915445334427,0.5219360157736429
3.121324730151775,0.5306723603889393
3.1044010072109027,0.5242328945347754
3.1228609949661745,0.5445855429816149
3.098175653096962,0.5614295794105948
3.074691528898831,0.5784158935328809
3.164330270245669,0.6142088744008537
3.093175847607832,0.5845203374523097
3.1270626696400146,0.580863160579818
3.119741345173116,0.645916459069191
3.174126929912767,0.6116168278152045
3.1316204676107784,0.6478740293902128
3.1468796832450567,0.6541943239262145
3.1927943583140403,0.6707929918381532
3.135011499370433,0.6946514790189866
3.1274549030664,0.7306388731577772
3.153984086429908,0.7304320927472482
3.13957285072922,0.76360969391271
3.16359836364881,0.7695826355059868
3.102029912250716,0.7526809557201749
3.143343312916264,0.7458421100561722
3.1343496603737644,0.7357713105174108
3.1811010912938418,0.7794539978668817
3.160953468427173,0.7703094983624681
3.182199404129517,0.8021242354063955
3.213174751123748,0.789842127240097
3.1924878845336373,0.878451190693873
3.174099131506429,0.8234668614458307
3.1725119482118265,0.8885532390127078
3.183026676665041,0.8367583855381828
3.193922408534312,0.8575647841407948
3.1794080295138336,0.8994118441571923
3.184414318170649,0.901744776007929
3.1816027970731664,0.9211117506872072
3.1692925543655432,0.9064047761703048
3.1869462467054657,0.9216227737205976
3.1894842965372003,0.9817718765096832
3.210282080166122,0.9745840052749708
3.174099814574649,0.9863786829083994
3.193552284712234,0.9837750375273684
3.1706133765310147,0.9834345536426272
3.2204265524965687,1.0212557597297067
3.2392726296926138,1.0159396280724575
3.223515887421849,1.0755261695591396
3.242001675157649,1.0836544188609385
3.2079542773158347,1.0957661573093944
3.2198381261661115,1.0942076815814925
3.206387915260693,1.0681519805442854
3.2415527991646864,1.1182086643339444
3.2468546100073747,1.1433056408256643
3.208831124360912,1.1301259869399625
3.219244979147726,1.10592249947141
3.2243124089651305,1.1343733079499063
3.1808983479392445,1.1863365071475156
3.211556677732744,1.2072773158194814
3.230146176194685,1.1974631726978506
3.204238068832506,1.2190089609581782
3.222007164889998,1.2349769953326497
3.259886048229817,1.1980585268012958
3.2452030955883413,1.2422101290414096
3.2809508612212697,1.223323440385467
3.29362864586189,1.255318865121155
3.2458642013776053,1.2560639868435055
3.2692510704056934,1.2605508041454194
3.2243131462512844,1.3318829086547266
3.297449510127004,1.3353846020489073
3.26144303018222,1.3029503497046475
3.2566696150267576,1.3333366271518767
3.302385581380519,1.382423715250825
3.255023829410959,1.357305482172802
3.2982868065293425,1.392537256989232
3.243265455835923,1.3392053395641736
3.2794389314325825,1.40368435820602
3.2952218865971066,1.4122978700082751
3.312027054129334,1.4566113963960954
3.3083484759133817,1.4428522482220365
3.2469681565518296,1.4948243399517724
3.297146027276796,1.469932544053186
3.2659883251383484,1.4550132031555891
3.3085563887490275,1.5136051466958598
3.305968228712678,1.5083018844198728
3.2943037974316565,1.505781348151036
3.295399069212725,1.566303054488492
3.3212350276514813,1.5122941018066398
3.3069552433890936,1.5208159705639934
3.325195026634585,1.5563197132444726
3.2978720530376857,1.559344663502748
3.2971768239732024,1.6038505090342483
3.3280258817324526,1.5829986398017035
3.3273197224029896,1.5913850445268276
3.315673161462488,1.6316781111964622
3.310370085266698,1.6354525702295004
3.3020731032800343,1.668855013754232
3.37151084367252,1.6528437357338637
3.3493394412782704,1.661610011093137
3.311960481485704,1.682929302246844
3.310712003264683,1.721147600893831
3.350612501683329,1.713818052609841
3.350903088449985,1.7616197605486168
3.348878702708734,1.7344262883946926
3.3186509782480536,1.757048959455807
3.348065124007867,1.76683003770423
3.347922717182921,1.7412060459149132
3.377299364028065,1.7583940506170714
3.3625050812255446,1.805063339351823
3.389848037448743,1.7948571447700306
3.36761495733572,1.812667014151554
3.334992348410397,1.8312104001169671
3.33948413197994,1.8213594031576443
3.3678024681328047,1.8739399570946715
3.38450505610401,1.8682369765615163
3.339471889545313,1.8756163653558016
3.41638747409026,1.9221891142039345
3.377053598628999,1.894594501753884
3.3473475119282727,1.9302424253390555
3.378093431666516,1.9348428903988768
3.404006092398192,1.9357077887715504
3.412768579835231,1.9328720202750167
3.378749586492803,1.9739419744793736
3.36639578487914,1.9476565356316948
3.406352396113162,2.012110579374878
3.397163672426959,2.0062868611825264
3.406744273510016,2.018591735104394
3.404116806303954,2.0527109995542725
3.4297909059891483,2.0645612010281784
3.4148300759454524,2.055609427131777
3.427114030693008,2.084247232122198
3.43010446683986,2.0859609309699807
3.3974038621846234,2.1005353833265565
3.4236023074472905,2.1023648037890803
3.419925435511852,2.136959797906873
3.459930522168136,2.1389863461194194
3.42185853414425,2.168041619760432
3.446997983696994,2.1674304305127867
3.4199171337529832,2.1506978247414508
3.423563966493536,2.219403517450187
3.459899602767204,2.188610121400542
3.45209860225918,2.1774049783092875
3.4504737072379577,2.243972109245491
3.4386026159672807,2.2315239138819014
3.4656008142784778,2.2425997949430254
3.456068158732371,2.260670353067808
3.4788334563516186,2.30051900095596
3.426994156569606,2.245147521111152
3.4450412796819223,2.274594534460511
3.436617470061261,2.285708708774578
3.4532520634008974,2.337591717420917
3.479579396445416,2.31004256320184
3.5053885371122955,2.341101434175518
3.518634684707383,2.36935941914449
3.496150045989768,2.353245997494402
3.495815614926217,2.367542734758502
3.46687928274702,2.388165197745839
3.4688078369643485,2.4067620014649447
3.476499089374167,2.409465105861862
3.4590279944596927,2.416663635780484
3.492294056035535,2.421984001948525
3.4914839892129907,2.4824446532476925
3.510237921699866,2.478740849495913
3.5297564359366587,2.4681153096684865
3.5128893012020783,2.5212043275627907
3.499975161789282,2.5290484701902742
3.494721877050085,2.489410492885177
3.4845137691949373,2.510146266888252
3.522787190075225,2.5557897251036104
3.5155769748744383,2.5430564062104875
3.500935897451381,2.546615587378607
3.518893341857447,2.5685364769521266
3.512980170815166,2.582554519102368
3.5226275918926846,2.5782834442631497
3.500315252936294,2.6048241358426134
3.532926732454661,2.609306145761151
3.4906014158195653,2.656266739987411
3.540895499031969,2.672214792708296
3.498287058831985,2.675350404432768
3.527375684523365,2.6685052738010664
3.5156499689324656,2.6504454836371782
3.5526096178667044,2.69925119518631
3.53173975357656,2.686990007019195
3.554358511747011,2.7419778794261607
3.568125106808153,2.7280672731369107
3.518621928184809,2.7423294912821645
3.548051535258121,2.756399667414113
3.5656248766149328,2.789708238053695
3.5484961794660106,2.7600839560372754
3.5594717879075484,2.804358320073648
3.5467071999429263,2.806449290013253
3.598164597416385,2.804942997459539
3.559445325068005,2.7915440832488043
3.559465412475455,2.822504795781858
3.583666464140045,2.870002562085208
3.554400777968532,2.86956625964227
3.589894536966623,2.9015273178750145
3.5880200861315314,2.9273435725086374
3.608158582780398,2.8932659450885607
3.5921193278904884,2.926339928469754
3.598847221671462,2.959858282293219
3.5967886442845085,2.9451753815630264
3.579987971078475,2.9477683209437986
3.602549485196891,2.9564093606764854
3.594165923974788,2.9880553840259743
3.588106943207177,2.9971201363964712
3.5881463853516102,2.972139021884163
3.598096336545231,3.0669508062405995
3.616801526790188,3.060247131462328
3.5924252111285906,3.0608606606232063
3.6241651601222906,3.000591150830193
3.634546134522956,3.064853715408133
3.644707308974673,3.0890470787663773
3.637964088798831,3.07200506352522
3.603986985421532,3.107690650271721
3.6257981038209257,3.084660461720312
3.643611384642207,3.1143902811666777
3.635653017029632,3.139496274727789
3.627720015013887,3.1240836255276583
3.665614429169866,3.14710791040547
3.682118119913428,3.1566332428193715
3.6760978016574746,3.17831563782274
3.605189659219177,3.176184169411546
3.6648648059738647,3.22101173451976
3.615917189791606,3.208388987564243
3.642309482486705,3.249043682871447
3.6283973088679584,3.2592064632299227
3.654665837992125,3.2567291905129
3.6384572623193865,3.2933438644506787
3.6396935368635455,3.313168061314379
3.662872965398625,3.261210797756377
3.642122009673654,3.32534617539752
3.665022473844597,3.3231825238433648
3.6745307436240746,3.3405619304558267
3.624405847859112,3.363711358409497
3.668761136706829,3.3940658311282697
3.655435259328851,3.364393517099149
3.693995338106327,3.3650267696841136
3.664595504390908,3.4050395094106944
3.6776438578470017,3.399323738415297
3.698883761343922,3.434828549408066
3.688971582604478,3.4425764580550995
3.645704145698346,3.4482421509456045
3.673921728683992,3.463767111555974
3.71007386508232,3.471588488236322
3.68951619856424,3.4709634808470424
3.679327275982557,3.473287044361719
3.693388955910048,3.5289214389394314
3.6968040512675127,3.5136385863019366
3.696882179287264,3.529897414229696
3.6758389952131423,3.5826672621440188
3.712909591124173,3.5700198909733114
3.755711540569874,3.575779449314817
3.714725827514849,3.5911481280888093
3.7249207170745295,3.575739542376469
3.769851616008287,3.594051050295989
3.704354286705171,3.6418304476286223
3.7147562218956542,3.637903193200106
3.7023327123470144,3.641747035974496
3.7633614174892087,3.655196118072452
3.731736456655939,3.67124922577848
3.749489658932791,3.6680908627226088
3.751911548505289,3.686027717136908
3.7529880213604656,3.67045408890587
3.743994307973128,3.729131152830895
3.716680744758672,3.740576876532433
3.7727871678842906,3.7404087532999206
3.774528425266669,3.770111582623626
3.756279257435323,3.7759534692109646
3.716662488941087,3.7767142121175
3.784773337368208,3.82228390041467
3.754571797282984,3.803992766625485
3.7801887911777903,3.835859442971001
3.764528419395066,3.8204184686528286
3.775845532669096,3.859927401525285
3.805101942255088,3.87351402920172
3.787107216931079,3.88175475854278
3.7941400077121696,3.8519772946039534
3.7728348235040174,3.876820967947804
3.8121291767347234,3.893223604415605
3.801132323166756,3.931719571047296
3.8083216207494255,3.928624665818668
3.7734314376989273,3.941083942371194
3.7970738889692495,3.939841354447682
3.8181412497529146,3.977479366232253
3.799273760752149,3.9690373331751583
3.764168288979272,4.008752237431104
3.819264819459909,4.00271420659013
3.827025886026097,4.034121438259956
3.821183381920758,4.033007643775146
3.826457149969914,4.055039033255261
3.803573805712332,4.020841437732977
3.8424119317226753,4.0646986263850895
3.791054899586026,4.086312076726401
3.8626100879471377,4.058151641101117
3.777821829336805,4.0738665456071805
3.8482873740573695,4.121997332494522
3.8225469886013888,4.141065919237654
3.8715832370723273,4.144748092605476
3.863340249545162,4.168514147437992
3.82266212702735,4.1666047427706605
3.85704698536669,4.172725187947327
3.831093510299682,4.158753016640323
3.836990474101189,4.199339039119435
3.857574841215465,4.237515642286428
3.87738797783789,4.23246343429668
3.815437344833573,4.199053775502483
3.849534116632988,4.262257999063515
3.833091973001508,4.214367710501049
3.858900410689844,4.250291338124205
3.844061572500664,4.262326309585809
3.8906028318356816,4.295444069543699
3.866654629131229,4.310085403864591
3.861391220194896,4.333292896180825
3.832536904648467,4.333165913705281
3.86271933177316,4.357251506592591
3.8649600394627153,4.347981888158273
3.8253644270178433,4.364841833195958
3.8745445783094654,4.382897463769544
3.892860410678123,4.417610225687923
3.888685167811525,4.45347860290866
3.888700730226093,4.422453820511263
3.948889819152416,4.413728655454908
3.893340572917564,4.448341427199464
3.902427054462701,4.493120624534095
3.907510701240567,4.481043882754187
3.903040372061171,4.509539398636122
3.904058629961965,4.503491611722752
3.91787514037512,4.551456219095411
3.8835483966318303,4.523996772931894
3.896487633148652,4.558162082238373
3.8836998436099663,4.5561196980839
3.918133139852786,4.558543389990605
3.904341036838374,4.5714954301586594
3.900785415450682,4.59021873335594
3.915203147609812,4.619892810776222
3.9199271225511048,4.6056684112545145
3.946421885600296,4.595420791046845
3.879269729915784,4.613400325895176
3.932523652235112,4.633744633658008
3.92227107141758,4.67591030567301
3.914319029811661,4.676557294723485
3.908650193292179,4.720018460021809
3.946859074452789,4.713266784363141
3.981870861625228,4.68069579179626
3.9433956627694746,4.7260512064312845
3.944744643598992,4.712159252155584
3.940238053285146,4.777694634442607
3.917536076513692,4.739552292857597
3.958287963319024,4.761716672865608
3.986608046495504,4.740365729953424
3.981210671160925,4.797751316579634
3.9625031495929153,4.807421891525597
3.9721886020116166,4.859908371337863
3.961522700582928,4.836038981355616
3.981222875781736,4.841291203467905
3.975866559509612,4.866221036611387
3.984154680763092,4.850079730147077
3.975006202103037,4.903809162950754
4.005409320866014,4.905363282476462
3.98752673569734,4.89557560401714
3.96288115034086,4.918859139408374
4.008302533629176,4.923572535491134
3.985006452256483,4.943811044614424
3.999757295927898,4.962226084217371
3.9835657597321656,4.977872819931859
3.996331704466224,4.9615017933065255
4.022463714876018,4.993217448067679
4.000963065456478,5.0009677360288975
4.019059518069348,5.0267956848045605
3.999171698404506,5.004660159555961
3.9773890582469256,5.003010136244044
3.9855599979050886,4.940320862706384
4.019301473930578,4.97256791391408
3.99652889509828,4.953749822185191
4.0380629425863495,4.91794190724003
4.03026451997123,4.920467870388523
4.0579106118216925,4.899188121564709
3.960005419934809,4.847673356705734
4.048370566541098,4.869665612535981
4.025178672037222,4.878490834993968
4.032361989626864,4.858800862205393
4.067426186519784,4.85857000142849
4.043604397605912,4.824883547750708
4.051491751832657,4.826489237858574
4.082490861119826,4.813043774046054
4.04683620472306,4.783173602014843
4.060280518572863,4.782950106919877
4.049267447819372,4.77758446671091
4.0276329307167344,4.767584476380322
4.049367738595739,4.722771978898905
4.086165209994038,4.727508434024316
4.043484965811934,4.6830830995044765
4.058275779173816,4.704998998672146
4.0514932170324105,4.686440148395121
4.095328574847586,4.64252249666655
4.058883245167878,4.671667505496014
4.064945198617511,4.6950432358844
4.098163592600753,4.6414606449448526
4.053601520644419,4.634472933467655
4.0661379976694345,4.627571722238287
4.089737843483763,4.602884520947293
4.095546102432021,4.589059599087045
4.069969123934221,4.598192232142842
4.0724702637310735,4.558747831103191
4.0916141292397965,4.572211778336688
4.10301713664175,4.5296562605765605
4.046879559739637,4.5002889224011735
4.101519167549042,4.526502156977102
4.104835353757872,4.526054865164616
4.12880100072237,4.481263053506993
4.088534214257292,4.489769821942239
4.121398137703757,4.485886545064452
4.118290333014619,4.4566530480923205
4.153814553942664,4.446994880818407
4.111093709219614,4.436113445672165
4.089520476946783,4.46051510738867
4.13084179801015,4.40033844933986
4.123768758950217,4.404584683020881
4.1069015267742905,4.392886572957975
4.111160638287729,4.366417018865424
4.129023060580029,4.359679466193425
4.10428141194016,4.332126663197521
4.154843423502423,4.345655229953796
4.164549041603287,4.331222721343387
4.1265296372292415,4.325587554011521
4.145306173747375,4.2995254751417615
4.099160631964525,4.269417389780767
4.147024539785509,4.303235803577359
4.13011129952457,4.274141313287865
4.15053462349824,4.25012050174649
4.134000125163616,4.244037819859117
4.135732520141523,4.233472252247456
4.174877404310465,4.219178878116841
4.178344321495912,4.207477092012804
4.167398077482692,4.181932177562278
4.138306983756509,4.188533329224093
4.152955353785339,4.16012999595811
4.1747202618544925,4.123585968595864
4.181420469102703,4.120720347662866
4.162674167748596,4.13502905350227
4.16252946127554,4.088872231681007
4.146974416453186,4.1095653345447145
4.187229064913375,4.100586844746003
4.214002529354491,4.087070965660719
4.210064208278072,4.067933434487846
4.196073367281913,4.034424959404893
4.193880975842084,4.025129050566688
4.177999773788919,3.999954288442906
4.174637015787108,3.99117522297064
4.224954838542539,4.003424205158424
4.199340702419832,4.019559107774407
4.2056170433582745,3.970893210173482
4.212070312548399,3.9892371219974327
4.213843861357836,3.9353156891777767
4.200890381981226,3.9683590771961086
4.212884362218304,3.942096638231619
4.2447289054273645,3.922053044614721
4.2214737189092295,3.917234092144613
4.227136601101703,3.886414552721981
4.229760793351825,3.9150311548778367
4.220454891347837,3.839644261754224
4.21813667764787,3.85655514477426
4.216607814365347,3.8489638233155095
4.250966280497753,3.86459186308548
4.241687807515234,3.818906817476329
4.226890911780965,3.815411581012957
4.2559809164153295,3.795208305344938
4.208955266882866,3.8116317935703874
4.240838589692673,3.774803309291982
4.275444769869057,3.774004546042387
4.2506488620169485,3.754143698408192
4.248861894734422,3.721399505244931
4.279323135450972,3.717695304086757
4.204100021021026,3.67414760418574
4.255464824728944,3.699073316415664
4.3093174575998185,3.6806631316334406
4.273136828061631,3.7163203139040872
4.267467019438547,3.6246882681690815
4.32046928742022,3.690629484063496
4.287130660283795,3.634194417318264
4.287559341285049,3.624052582648759
4.274791546134397,3.6405824107862457
4.276817386823838,3.5800426152128204
4.322793846151542,3.568619120247348
4.267819248926666,3.561790922325529
4.297574806901195,3.5888186093196874
4.258867296920566,3.5404516249192803
4.296890511305309,3.536683627183173
4.322601984444365,3.493064988880465
4.284494336435325,3.518258467350438
4.290955786060085,3.50529641376147
4.343192467965468,3.451910970363941
4.348571313905806,3.487031371631224
4.307447733516355,3.472158095601665
4.299763225816727,3.4585818736362137
4.2832886768203045,3.400107006024565
4.324013071370295,3.400425324556788
4.28715715508615,3.451836481092001
4.338671456896845,3.4002744238702847
4.304700031845082,3.4095268322995764
4.3375298671761975,3.3598302834546936
4.286283009586163,3.347616506670235
4.366669322980615,3.3614861930329423
4.309119192466297,3.339292180656296
4.320416371232074,3.329645114707024
4.328993962264549,3.2945864000314247
4.327126658543288,3.3147994896004933
4.373120651256877,3.2669841410137965
4.3553245925574045,3.27740527296587
4.352764963866301,3.261974673123244
4.398926139970912,3.2415316992110665
4.343747430873135,3.244700710408414
4.3804127929419385,3.222753409894174
4.348984205387781,3.213379406998067
4.352816494378651,3.185059028380385
4.337767262079054,3.173160224365776
4.3601780397524506,3.149016584954333
4.361513348078403,3.1552840849459254
4.372141717419324,3.149638200924532
4.390553326957916,3.129340233128842
4.371029983207659,3.114774259510459
4.4166058586450845,3.0594874646511787
4.385436010899969,3.073377636142483
4.365074755614608,3.084758975524544
4.384645118280012,3.0592297345066584
4.358161266494398,3.082392249017998
4.391602208771139,3.10433098451589
4.36536057083565,3.058405320268212
4.414143805119674,3.0050482248858645
4.398836584390419,2.996462686721261
4.377266297839296,2.976657203101638
4.387602942890249,2.991114208173228
4.396784377554045,3.017772833225731
4.429261152443422,2.9686937171283825
4.383622185999114,2.9487737488787675
4.424597812501797,2.943173383987312
4.418199328047754,2.9437380097598247
4.416258704032877,2.91823698342468
4.403806083441936,2.871928078910621
4.404657016919252,2.933206725767901
4.388073383012443,2.8777573933962466
4.408917707196663,2.8561666744618988
4.416517862651552,2.827967932543185
4.438718927211665,2.8225397420995
4.438818862162547,2.85138370799526
4.460470460245103,2.865129875094955
4.454626732981693,2.767984284256464
4.441112362926343,2.807443726512889
4.454919434182293,2.7808304361735443
4.433016874890811,2.785680300638379
4.486989128436119,2.726692509066819
4.481395617791698,2.785007993076853
4.455466498720588,2.714826746249293
4.437968277829877,2.7312145468390003
4.47142426869023,2.719929276644817
4.440926480950293,2.691864801196568
4.4969061820946665,2.689354786000798
4.457510754078462,2.664956780895172
4.460291472146855,2.655509128839727
4.454882526510942,2.621630580996828
4.454670804647097,2.6106108689565697
4.46600503966534,2.623537975037685
4.481199459703554,2.6003860007953725
4.422654202228521,2.582281213826104
4.466856035730535,2.567064467495173
4.487636221432641,2.6046392323991765
4.489355366043482,2.584284610984094
4.499337978399996,2.521370759879705
4.476830565967031,2.541137952582748
4.475549998924014,2.4765834741413246
4.487243462719023,2.548615358012536
4.513755550427536,2.4955735149403546
4.464166799469037,2.469771127904985
4.4925990188819735,2.4719232005990426
4.491451959804715,2.4756120856171107
4.499271521902315,2.4417092789548325
4.541304984993274,2.41437403533979
4.529209048486781,2.437974353896874
4.502164267344394,2.411965894494873
4.518374605413985,2.392549598502081
4.505447571920156,2.434235690538674
4.491502241778894,2.38670260538256
4.496030565513624,2.359870102553283
4.563287497063063,2.304724839647809
4.5254794158574745,2.344395291377843
4.542183023153268,2.348455897656718
4.542912269570485,2.3196278239284016
4.568484429977806,2.297409206545387
4.544068785617241,2.31262323087953
4.531017949327846,2.269128104943058
4.558785405938774,2.276439411739576
4.573378574178969,2.2617835829007418
4.582369568100722,2.239843482546946
4.539099974940061,2.221893498541905
4.562096646395539,2.233962302550795
4.526122278581725,2.200350374613422
4.563296537016091,2.1728732140126845
4.5606872667885465,2.1562117231880444
4.582672493722786,2.170675032931365
4.5658582541114905,2.1659728470596344
4.520220861815007,2.1235140784188884
4.567031308786127,2.119599185380189
4.58342015547843,2.11421221385232
4.583634980263209,2.134750099515337
4.572588686115093,2.10933003148237
4.604097350371421,2.055421048132541
4.56741239309221,2.0623648441305207
4.595197235364027,2.0487592517727435
4.606509093204624,2.069291529057148
4.600231224323189,2.013616926175874
4.600397571683415,1.9914101976783665
4.604020876897706,1.993750128913999
4.582588333456372,1.996347231631867
4.5911010578127165,1.9732180352959177
4.599926899994944,1.9978541761923712
4.615616698309754,1.933016899523256
4.631986109355843,1.9822882819451504
4.641854335877429,1.931372731408516
4.622884923197094,1.9137452431746265
4.599855880636889,1.9137232996422693
4.620711002076959,1.9171411330969776
4.642505526202648,1.9035004698877709
4.620511520530765,1.892982204482585
4.550833435604672,1.872306107049348
4.63944087917606,1.870892490903184
4.610520287445907,1.846265724638305
4.614764519453593,1.8142485957090035
4.638453222137586,1.8302301774170395
4.652409751671578,1.7975875691412535
4.638232203575343,1.7708311434301651
4.639127113665773,1.7709370898466938
4.654002923230954,1.7543793916951933
4.687811050419443,1.7527034219795938
4.6553548863000245,1.7178798234602142
4.668419392821555,1.7211257148958083
4.605004698248345,1.7153291221060942
4.668937418688849,1.6769241962373749
4.7038122540368565,1.6951013529830812
4.663276265029039,1.6837445568181992
4.644062567099929,1.6494623859692903
4.638828246126455,1.6489636144098527
4.652565194667586,1.6485257478560795
4.649050146010074,1.6231605091937784
4.663927519216989,1.6245685766033229
4.675901409011493,1.5882318437914689
4.67512073225031,1.559870377273637
4.671716520125221,1.5852603276067108
4.712130243583015,1.571718850748565
4.711640717631467,1.5528165508445992
4.674051771726387,1.561103642965876
4.690212773597042,1.4987197916920454
4.675944633093659,1.5360926379976614
4.744272388101607,1.5472014004545127
4.675723573760463,1.4830797448367032
4.684860074810816,1.4897383774737
4.700029751304351,1.471055816445637
4.711691267908003,1.4657586420168056
4.698787948409791,1.4822359849107278
4.746820534926198,1.4369607841341776
4.73049461859733,1.4283186901767484
4.737749133714772,1.410896705086209
4.70848192305672,1.3588209883824287
4.715400091747485,1.38063979935265
4.747754603808765,1.3576457288613542
4.702597690902081,1.336117505290561
4.718434792008424,1.3216811676105855
4.756966785413917,1.3275387556347502
4.725160045014401,1.3067038121068322
4.717497647503286,1.3021126659125186
4.740807371331218,1.297667212504549
4.758791225831445,1.287161454269096
4.744065691549779,1.2597426688447344
4.768482256898576,1.3041669479186289
4.753552137193221,1.237650281945101
4.769939198909482,1.2243912301917863
4.7518669390300206,1.2137025983576284
4.76692718217859,1.2086242650224055
4.747682537234454,1.17849424594228
4.760399439192451,1.212298423806717
4.766988862099749,1.1876051201364488
4.782114902418496,1.153352842848961
4.767356732132002,1.1497278992401097
4.766754552896279,1.145635247113204
4.761475457972288,1.1366604153878233
4.772624721646637,1.111262575298509
4.788992617917034,1.0931929909763698
4.773786947953602,1.0631608019758991
4.768791661473058,1.093682456749721
4.785852411767948,1.0574071708791108
4.7690817984022775,1.043831928634184
4.769809100421763,1.0392851354099768
4.790868471328962,1.0290903636656965
4.820640203740987,1.005512027858345
4.804683011328318,0.9933456336180856
4.81527183453506,0.966966215638413
4.832477600427559,0.9744064129939464
4.800593271703004,0.9333264064713912
4.826837738309681,0.9550247002543918
4.809207064022856,0.9401182744725016
4.832109798354578,0.9342168959138968
4.804888874120172,0.9192925800022632
4.79192549207209,0.9110384506545508
4.832449378040711,0.8883069570431144
4.8368903013846,0.850310513661224
4.808776330579284,0.9008848716894134
4.821490406865912,0.820026324537654
4.841425144379097,0.8307081210351827
4.842328321330876,0.8175511090093355
4.828592631360942,0.816537101170443
4.8467575390969015,0.8059500459865275
4.829630562646183,0.7855583507749827
4.821460104937247,0.7683288433019141
4.876286823316201,0.7997710831793754
4.858640223189188,0.7519088516701357
4.87033699236551,0.7437344614067959
4.840059779133267,0.7163295818122297
4.868013609004618,0.7129483470653449
4.852868080750313,0.7341463793492861
4.875844993682988,0.6829610888167079
4.895030072934339,0.6596096880081342
4.874895937557817,0.6565697947775241
4.891463003655446,0.626647745706439
4.863340174801746,0.6675492046586898
4.877233637573224,0.6428060021485869
4.8623272421082975,0.6256633876491291
4.900857713716607,0.5671287452158251
4.82413218690003,0.6067873253709264
4.880819487845985,0.5511276766146548
4.876266950147602,0.574191028425688
4.924328256481194,0.5858252997606722
4.895768140556279,0.5543241586644019
4.893408358282416,0.5626525275368086
4.902159757342799,0.5299662514496197
4.889473509511805,0.5191682618450053
4.909396555010949,0.4916283561091533
4.902053001142265,0.4849165196536482
4.888667293616032,0.461262948230999
4.886274827991011,0.4559248538708547
4.91951599570855,0.4716569331719129
4.917698059558342,0.4353607598137816
4.931302636911761,0.4283163470236836
4.885074585327963,0.3955642798751056
4.920608982715536,0.3978548638245021
4.9081897279702495,0.393803141125083
4.914806353633102,0.3503380752677795
4.930672233789253,0.3609224186269987
4.910075456160158,0.3490179961197491
4.945700967201564,0.3205940372780154
4.934468137562177,0.3089312295748015
4.957313070374209,0.3421245786679379
4.86526025627976,0.301011028256392
4.966353000614941,0.2898739706069945
4.919332260690211,0.281389031211611
4.988782220031872,0.2498773870116432
4.960692259410178,0.2385829526735668
4.934160030167377,0.2155751407038301
4.970913926673489,0.2111250311701956
4.960731883311826,0.2319090769671279
4.973763920539463,0.1640666513081221
4.963769004291261,0.1960957446459117
4.94754806798742,0.1967942914418551
4.944689144356668,0.1591353663328288
4.953706717806176,0.1454087369287073
4.993478227354097,0.1619806680123292
4.966030522654212,0.1433598834300448
4.99601746771047,0.0792867478751337
4.994901549677191,0.1179458777033236
4.991524800094476,0.1066370992021153
4.978494859641211,0.029822545012144
4.985739718279174,0.0632535991117687
4.99706296839006,0.0217659120544254
4.996158743198211,0.0573735226997263
4.993141519840021,2.324734913201551e-05
4.987601049290037,-0.0071157826504444
4.958400573949147,0.0218481498911698
3.5106604683758844,2.0041856264262736
3.496962928004923,1.983608188397317
3.539612120568375,2.004830465957377
3.558743710483844,1.999163691772884
3.531222845524596,2.0462040216325645
3.5436690497060064,2.018423086295137
3.585299358590072,2.0141268463365685
3.5626581442447183,1.9693711559773188
3.6004132111990725,1.9982237214299472
3.598958954787479,1.9936397231346128
3.63381393119536,2.008875351924694
3.598894411095292,1.9906322930256457
3.6718843969158,1.9662524762838496
3.658960635172511,1.9929131715376165
3.643543385409369,1.9783610191123568
3.705073589881898,1.9958854352922897
3.702351672936109,1.9914824684826984
3.704929178877934,2.0137111899930846
3.713738115969433,1.9775818651789896
3.777689540906347,1.9927446149445125
3.75774728458432,2.0265364313090424
3.825532665137824,2.008693627484235
3.7316651370338345,1.9952009043924643
3.813965279928973,2.002579558003638
3.772646990739552,1.9845499356048293
3.831589154074532,2.000126709267553
3.838399215641968,2.021127963835593
3.8267097774870193,1.975605559529329
3.8600146639888457,2.003137415213293
3.849952687814012,2.0038406164177944
3.910783377051492,2.0160289094048194
3.889981355998579,2.000393804347625
3.89179082413513,2.0220409964079424
3.9135993512649767,1.9653181294675144
3.920797526136395,2.0074896101928656
3.922860381018815,1.98469676865476
3.965982766075668,1.983738511433587
3.96094834244117,2.020426045824138
3.947111822619289,1.9997610468717573
4.018048098477933,2.003850605558566
4.043114428583087,2.0111852413610354
4.024041954676844,1.9781817626869973
4.014820962818509,2.032012036921288
4.0614675069143615,2.0038231669004576
4.060029220326704,2.012821657894392
4.054383238480727,2.003402691625072
4.070293083365738,2.007055072073648
4.088024050079186,2.0012496279519194
4.128520861367014,2.019157832426389
4.16651939549306,2.027094977000188
4.1302686072230825,2.041984651207478
4.152594797687017,2.0079701970198585
4.172707103906723,2.012354629606406
4.179260472608772,2.0034619187481364
4.19030901599114,1.9883606222818075
4.186570370273011,2.0152420841353607
4.172943357181173,2.0144809676294098
4.238693919082403,1.9901721514831152
4.270229399720327,2.025238896646697
4.238904028090461,1.9926383910810697
4.283847169559641,2.0172321830706377
4.253609172316975,1.9955309523082296
4.276310289077266,1.9875523153914083
4.281566449918463,2.03049896999693
4.29317636035748,2.000565278508793
4.322788901724097,1.9845352591789347
4.3517196494453225,1.9551458816566576
4.354350755422744,2.0363893150855743
4.322898247368458,1.9929229692342865
4.371628600700624,2.0076364085776106
4.41210367044988,1.988351771845848
4.401236717198146,2.008977770800463
4.384973025538556,2.040540185510278
4.409712227853383,2.0014130324387374
4.426354149613243,2.0107464286450853
4.439546067577242,1.9848911106924605
4.442873753473742,1.9995545777478747
4.473157939769346,1.994956069661648
4.447674437438413,1.9874412847667795
4.480599569470995,2.0051045159546583
5.985105456124807,4.975610092722908
6.009997898941924,5.02034446551697
6.025899323001376,4.966894143734755
6.086314945450657,4.948351638695382
6.092270620579807,5.011219478357732
6.06057083253686,4.987209617271061
6.067862388249267,5.024509482020842
6.110606076262482,4.98556317250106
6.107740515600558,4.984870023647073
6.127663442787234,5.005883263577139
6.122795267354379,5.012038087443436
6.110451909265278,5.020479394984408
6.173474446762844,4.960023044272732
6.182111088263229,4.98501650429763
6.155676949405465,4.961577200108239
6.194700965337246,5.017252364269711
6.184683209507043,4.963009550237438
6.19944845320846,5.007136896157316
6.225759588462961,5.0198757682142
6.235987052686292,5.0007215256472
6.247301351497692,4.975582839510016
6.231845668437198,4.984084889687286
6.284444829882856,4.981148089086342
6.274833928099528,4.981999805210381
6.290173727646184,5.0227863453645005
6.32278146555249,5.012199115069937
6.309233877355956,4.97786350973145
6.3453362785437495,5.014965942810418
6.34438585838672,5.0006070148990895
6.3781735778489645,4.975165266537304
6.40295312789292,5.00804321534385
6.39236327407757,5.015642338674245
6.455502844509353,4.997756845135745
6.414624814992309,5.022774510139052
6.415007683132397,4.997192777288907
6.435607115806206,5.005224785937178
6.430899052243073,4.998518820079398
6.449126942219429,4.974816390401636
6.4943757601910646,5.016174100513246
6.492968699994766,4.969603216881468
6.541388905605309,5.017540906201639
6.515384771652673,5.029198881966413
6.532621983783635,5.020982315492817
6.560822770961915,5.006268281588908
6.560399141974704,4.997532194346121
6.588346670282978,4.961605394443338
6.60056115613033,5.001883376789932
6.604318065030345,4.992274584993174
6.606994770068029,4.967628099361224
6.603641184536849,4.996869323117691
6.642849804619692,4.982056773410585
6.645044092512947,5.017207664670196
6.641549852679639,4.9609908579545205
6.642693118905383,5.005705389841615
6.702470408702406,5.007412343590237
6.672697603320879,5.032885222911975
6.698856581092346,4.997339085227067
6.681307433289536,5.016344518784376
6.702631855981938,4.996356560736596
6.7425246187927685,4.994693908653525
6.78980153830164,5.023928408285404
6.7567052194894215,5.020883038613189
6.784475180877716,4.995108793066394
6.805226969031192,5.022196399118803
6.805934789484627,4.996674361814454
6.814196738027134,5.007536118774658
6.861898252532511,5.007106757889956
6.858626027058123,5.002499847696363
6.898454721723457,4.992369595470674
6.865436840279052,4.9833520643604095
6.873891699854987,4.996110213781305
6.861045867140922,5.015121069903865
6.915287519073276,5.016492287416219
6.935103850554124,4.979915063643482
6.944276530385529,4.957998060817791
6.909785900467671,5.006656188084195
6.9504309485778455,4.991502412540593
6.9803837430143,4.970871147907831
6.9711640871115454,5.018826758800965
6.9947342595081645,4.992015135353803
7.01126876686238,5.007455558235229
7.030404477287231,5.007873224032803
7.01694940388437,4.983309610649975
7.064739147233471,4.971447524925622
7.028542795900187,5.003998878214238
7.089573902558591,5.041281986804743
7.08653364215105,4.991253270139991
7.088162415584791,4.983895893874177
7.091520263772326,5.00818032601485
7.134693720379021,5.03608454007927
7.117714960804153,4.965784244687587
7.165763780288834,5.017438953676001
7.194944201976086,4.984142911688084
7.126239875791311,5.023057594669478
7.18316085253724,5.016561740967826
7.169253972484304,5.007460672541185
7.222936615265402,4.981924934337623
7.228445101196279,5.000303604979903
7.239123208816355,4.993966764050717
7.182480811472242,4.995378886748459
7.260520646581604,4.998017819591344
7.258195307586172,4.973779555698066
7.296328543257745,4.965463968108555
7.278407713670925,4.989660680253991
7.314727629424152,5.002462153598756
7.344223058690024,5.018942110082134
7.343317880878038,5.029610613573063
7.377174364673349,4.983912196243093
7.382461287052127,4.977315670980144
7.384745777378387,5.023850710747444
7.413753819144041,5.023489030989974
7.385755768027466,5.046878727662634
7.423544522709583,4.999486586380461
7.420157309810519,4.960972472328161
7.419882298885597,5.011490712669274
7.4522276272312125,5.01800645612989
7.467733482045047,5.034012295900082
7.487377919122533,4.984559443916019
7.425118337306573,5.016713587017616
7.531107745003865,5.011052219741455
7.502182507076743,5.029586260070184
7.506793168790772,4.94488942042141
7.526853925361546,5.026450990354511
7.52327735260196,5.0210570171674185
7.579120714001807,5.046137040319699
7.5824255758840895,4.99423980510121
7.560795056991207,5.004587059517181
7.611241077252167,5.000317900994399
7.618513900105408,5.018892506950734
7.643933731653365,4.980638510001269
7.642432970889697,4.986759956681893
7.676265736076708,5.040538752993378
7.636427177651711,5.010186269610857
7.69042802167587,4.991427971863919
7.675222342820639,5.004537125164468
7.715462939290975,5.037106996812222
7.677566481209064,4.991342394084657
7.717877072844056,4.9810641695596045
7.762298245461941,5.025024495795334
7.757166406192467,4.994035067963759
7.761486887779721,4.983701384921847
7.760469989756832,4.98272626446971
7.775035540101966,5.0134155296349485
7.805686826374137,4.988269805050006
7.824731548308275,4.971717790178976
7.827332199449448,4.969371743313307
7.868049026337304,4.994398003884643
7.835721015066986,4.998449201946395
7.884411555654431,4.995051671969984
7.846333173843957,5.017697718196348
7.905975371480339,4.980303170010252
7.872466432743876,5.0079152123407775
7.903925853392478,5.034891637211126
7.923994985190275,4.996749710961636
7.940042670433454,4.987991823416115
7.961559073917574,4.99178763985014
7.95547362980748,4.9801632090761965
7.94570437554345,4.958088214522951
7.98599911335962,5.006337843524146
8.024010986048907,5.02112691607743
6.95574298890492,-0.0061506396789833
7.015164627948781,0.0167884496492876
6.999206263857458,0.0276997761406409
6.998407393653133,0.0367789220399265
6.984972400365112,0.0451924879738124
6.978507557956753,0.0940585001599436
6.998531540265186,0.0778154485973317
6.976183766435804,0.0827517123334681
6.992419343865348,0.1049076952313138
6.9999007942368445,0.144676005897579
6.999807961503133,0.1172387631820192
6.9854051195278,0.1444471988411138
7.00307750148153,0.1543941601233139
6.976167100489182,0.1810602811483659
6.995399376888424,0.1872574508155296
7.002934177961743,0.1878233797104707
6.997813807931929,0.1902697353267004
6.986881725197155,0.2142475124613579
6.975351371546265,0.2490671742373786
7.003922068775109,0.2272762007352239
7.017457620336212,0.2164056996439998
6.9930702967632,0.283657209969867
6.986532543656088,0.2542827940017146
6.998544342842247,0.2878151668568559
6.99434092447272,0.297949450713763
7.002665027308499,0.2977600470810518
7.002140726506588,0.3392739400624307
6.964892391243388,0.3271819676293993
7.023322083533549,0.3473810992569907
7.000835901343198,0.3691280250385434
6.996531177371628,0.3391085192073311
7.029006136881487,0.4026672810936681
6.985219639125822,0.4143550392167446
6.976567649878875,0.4043783309048798
6.995688171773369,0.4628704041146532
6.987750112471403,0.4380915601265148
6.985439954718075,0.4607791233173718
7.007267486004839,0.4764727839286553
6.985706840556526,0.4549641359935699
7.00935895560214,0.4660779472810562
7.018116653936153,0.5013239844726455
7.012330631312224,0.5088703734541244
6.999983519309127,0.4958009656048558
6.9701425584422365,0.5618796469365999
6.963631252003857,0.5498648906682789
7.019181846378162,0.5660730337862417
7.007153031654176,0.5883483883737016
6.986908914103945,0.5977430374984423
7.015484227481054,0.5699225666731615
7.009960432642059,0.6073191086210652
6.999506087775204,0.6102384830507445
7.006056673086735,0.6244199485639058
6.989798788059838,0.6739603614923212
6.9725447396614575,0.6723453829723585
7.0350172280202194,0.6581446038027052
7.003968787330064,0.6869881421469389
7.007922957060697,0.7419417639014744
7.001882973266975,0.706791122877674
7.03221841405658,0.7496512094758665
6.996635408231792,0.7506475617638642
7.013494752776792,0.7766229438074017
6.99632886201066,0.7875737191695945
7.0207222627319545,0.7564564759307857
7.042066607947998,0.7935501383230478
7.028244793144364,0.811153821991163
6.992757509678377,0.8160320980934465
7.027001345681139,0.8504510057560425
7.00330082268029,0.8207800277923704
7.008815305655377,0.8271788969493522
6.987972092191221,0.8836051563451093
7.008359136549274,0.8710861774882253
6.991721422313722,0.8756058389327361
7.028228520541239,0.9254408770529318
6.986931861642163,0.9297581272355656
7.029127000192011,0.9299125162058796
6.980102554252637,0.9421872880469522
6.988631871498843,0.9790111941657657
6.986160935798453,0.9667717735159936
7.00241853976088,0.9781960017421316
7.012380344292271,0.995886586937501
7.005186013348249,0.998264230506438
6.989467412377367,1.010945544895124
6.994126156470244,1.0256388507436254
7.033180136932572,1.010260007043579
6.9734482064276015,1.058993683011978
6.977291113412488,1.0686167480854087
6.995753303344025,1.0811929592640446
6.986187252548132,1.067055605394725
6.988197889223217,1.098811497317868
7.002434671157444,1.0778369434044248
7.018694855217031,1.1135830608841415
7.009097488535688,1.1457727004859024
7.022576164864376,1.162874510062213
6.997770110219467,1.1738300867396758
6.988097529374007,1.1633888657012008
7.023151112465025,1.2017500768431135
6.99361245647679,1.2353098097605482
7.008749838669688,1.208788152443694
6.996401239711345,1.2367330586734957
6.995749230243091,1.2289181119134465
7.044844145118137,1.2749607485115106
7.0291343356826905,1.2729715625861784
6.975396656295193,1.2634702019535304
7.026480753265166,1.299426187953732
7.005266487196066,1.3460084643668526
6.9820448036144125,1.3261548713490918
6.994931159555169,1.2986913664236517
7.007962849895066,1.3439252621032816
7.045749335811031,1.332033546111302
6.969445808294086,1.3504934489378666
6.984545854556088,1.357797819354753
6.994789556397472,1.4306892679527543
6.9897506444832365,1.383957461953011
7.002847298342772,1.4067487960685467
7.038382929776387,1.425965321154613
7.009784478056975,1.4717445984945592
6.987948327877611,1.4509922842043894
7.008486418017677,1.5018643397040463
6.9896019802288265,1.4265475271250392
6.981859716315154,1.4440909405459326
6.989272628089834,1.4825308839822948
7.004776986789227,1.5325741212884865
6.972402273482531,1.5534689935892696
7.018088067442944,1.5338671220326376
6.982267043298847,1.5520608986263638
6.990107072853053,1.5614830069293062
6.973969264544203,1.5963316050734546
6.957687445914669,1.5646693537333676
6.989796644061873,1.6063594995965662
6.964630773521681,1.5979227081914402
7.00225540021006,1.6348651262701457
7.005724891346292,1.6407951907119889
7.011793486558475,1.6438840943776605
7.0415408429867,1.6894368408228717
6.999048104885567,1.7111463061283383
7.009209500727953,1.7082722772684704
6.996608980951821,1.73930216443167
7.0148053621623125,1.7254064893106773
7.003722073001803,1.7199197923236196
6.975645669909944,1.740936757292948
7.024310883956194,1.733765851712407
6.979924553526943,1.7716788646805035
7.002220954273379,1.7742656690264025
6.9819922502624765,1.756210707187234
7.034439165984746,1.8096107898384144
7.028483043608262,1.841741348619328
7.018523867741325,1.8316475754638664
6.976411493201177,1.833135067582441
6.95501959304634,1.8383242487263232
6.973076016920175,1.875879500550231
7.012993932168822,1.8691270767693384
7.026249221134236,1.884830106153437
7.016323783038917,1.8930872190059505
7.011911124599172,1.8998904009499629
6.954044003427996,1.9249767692460176
6.993011012310139,1.928442051715015
6.973047961112067,1.911030195916507
6.97946767168091,1.960586888261452
6.980967136754649,1.9781109411344733
7.014749276575739,2.0138249751766515
7.004946919908062,2.000574597675806
7.010910931018392,2.0325537230776964
7.001240087622775,2.002391643725587
6.980851760979216,2.0096894416196807
6.997137663537058,2.0495706491439023
7.027239308637463,2.0619968963399384
7.008891291526353,2.076539837722281
6.9578060204088485,2.0814618780819285
7.014638911280104,2.112977482361692
7.004883288546376,2.1263387322953884
6.99222426745469,2.112871244154644
7.019957229143726,2.1464712424380523
6.979721290479769,2.1306599159779114
6.981853648223308,2.1553139791679894
6.964174229891304,2.161972262774188
7.001164093582264,2.1539531127791105
6.9959266167804826,2.18184565991315
6.985278492050666,2.255370081947352
7.018453101248959,2.235100069453952
7.032027438682685,2.2910229208260504
7.002991835856059,2.241643459711095
7.006801205442628,2.2479475454019786
7.007908765814569,2.2854842792259493
6.992873002990577,2.280074967876716
6.998069530580056,2.315039384847699
7.018387168235887,2.314141600550225
6.969741413599532,2.3405713324580684
7.020419581740917,2.3801195128048804
7.001472345301306,2.324773093142251
6.966808960228012,2.3432729445072784
7.018350897542439,2.3586855347817792
6.997535045427503,2.3763931695264446
6.97049671526474,2.3997965998134787
6.98863715100272,2.414181825396496
7.011996299618894,2.450562373234972
6.992833670380317,2.4599000636653754
7.012888494643311,2.4758087865033374
6.979949306087142,2.472478044006826
6.981120727809607,2.4594849758385084
6.993593756795262,2.500438265330625
7.010787599740056,2.510299786113555
6.984426009097531,2.5355497362786106
7.015625848539013,2.516471536773933
7.006837289931568,2.526328691473934
6.984950533544345,2.569059699253807
6.984933512458184,2.589912010192616
6.9821576479779655,2.562281933251786
6.973785260540459,2.567143573397048
7.010648793472343,2.5944535850895347
7.016312974374772,2.6645062387779967
7.001626397021644,2.649801718572668
6.992676976837744,2.668399785582229
7.009309690053636,2.677894738825466
7.027424318546872,2.6433642045256494
6.970915488124919,2.699422611269179
6.973436486223145,2.7330741684647446
6.990422069188191,2.7282165147069124
6.992783924196494,2.754147618343162
6.964976806717536,2.755129733592753
6.995450468710417,2.749189046675194
7.020060780380553,2.7589228060043336
7.01759168443365,2.7609334447783853
7.019141659290653,2.796253508409065
7.0044763421425085,2.7837087957905675
6.985664720845842,2.799548232170324
7.004189405222045,2.805688261444917
7.024908304974038,2.823408498064064
7.021200648432715,2.8403485758283384
6.98852035639349,2.8656582341019248
6.9829071689589055,2.8496871995599444
6.980924303422777,2.88952979615977
6.984488364003462,2.870533929722056
7.032139209794655,2.921093108306118
6.9728998674513365,2.9196905965208217
7.011452135453048,2.934840864130079
6.997344652078972,2.956988334337455
6.993221582878229,2.965717432973685
7.019089848902495,2.9944354593441016
6.99917409127195,3.0103668404923205
6.998072224372787,3.0123915397456704
7.037470182717434,3.0276939828604084
6.990069792434803,2.9864363075965152
6.997506244138075,3.058161617596621
7.001921364120974,3.0608216039374017
7.010702577799802,3.042763673761178
6.997528730775459,3.0851098814851765
7.013197307461898,3.087091649389064
7.000607074585419,3.0836195976493106
7.001262603717007,3.1092320642199973
6.99094615353787,3.1350473462864463
6.9868270963652845,3.1234267605082
7.0044222746294,3.158648680253816
7.03575928789184,3.134388962042544
7.000730951264471,3.173753607040427
7.002938131824542,3.1887743252276737
7.016781701487216,3.2165943344160413
6.989308943957806,3.172075323614272
7.038460439209138,3.218089854442463
7.027233050440871,3.218723243788713
6.9864213147851295,3.2251563662864697
7.022216819139983,3.279298031276934
6.981708433274101,3.2514189993367366
6.9983715706488745,3.2979318855664808
6.980658449274788,3.311482644792491
6.947753304505126,3.280113420710292
7.033377471118116,3.318163098512028
7.020638626547511,3.344613087663361
7.023314559622728,3.3430355393148337
7.017921478454567,3.32192490791415
6.994245027549354,3.37209534559332
7.022008107647166,3.3848629631715994
7.01407200946556,3.4172010909022865
7.010474650491724,3.4085295810586462
7.043315967666504,3.432990298713134
6.984708959967749,3.4265614712344123
6.974018300518944,3.424041097464439
7.010609082355537,3.455925821355209
7.034520946835824,3.45134674259054
6.989511209749169,3.504918646810069
6.981657186666015,3.5063779305191534
6.989471120909851,3.525362401642037
6.979137664041815,3.521810111946316
6.984665188480802,3.5109369319628265
7.022116014862402,3.555215033212827
6.988857452281096,3.5702105895011287
6.97652028432857,3.551355406750865
7.041856908702145,3.59668553631894
6.9953993994244295,3.623015315544046
6.975486786575385,3.632488342164736
7.018960706783214,3.610400400735897
7.004984085745748,3.6556972396266274
6.991548883750405,3.6519358389643664
6.964046227157191,3.676196620707264
6.981030728335783,3.688842612422422
7.006518957682117,3.725923442979069
7.003137854354607,3.717280908238883
6.986205020335971,3.7036377431567167
7.012461760739376,3.7264008597293774
7.007285650030261,3.7522534218051815
7.002883101356936,3.768011154028033
6.977522702060556,3.778414317272563
6.996515657686173,3.773817169218831
7.025270996611448,3.779772012264936
6.958652618673918,3.7975549298416302
7.010683345781246,3.794440736237664
6.977316083941365,3.813765514213788
6.97098576975128,3.8199871281499975
7.021280073990531,3.8417755878412665
6.979747811804991,3.837396049867488
7.007319516806962,3.8665062770509535
6.998380209586875,3.912324121957524
6.996564962895023,3.8864844884266607
7.018681807887834,3.8725600184166025
7.016053071191512,3.9254134785025614
7.04767193836037,3.927993133035742
7.004168901196264,3.950252181314449
7.029175260282913,3.936396075222632
7.03199864704845,3.9825967584814106
6.981524924623717,3.965250588983871
7.025496947320242,3.9867180478776993
7.036444232532522,4.047791429008508
6.98334790750576,4.000471906806141
7.003442769792427,4.039311608953272
6.994904881857738,4.050597393623975
6.99931307087336,4.043929415181308
7.0125624517516965,4.091436197942169
6.997265273531698,4.080504482459058
6.977109077614926,4.068121317514575
6.99842681788601,4.097438755482504
7.013809059273831,4.106769489319228
7.026304891069161,4.153759472754753
7.020805625197287,4.136043285168278
6.998868786679707,4.158507555871407
6.994618126555583,4.195528291696823
7.034482533817023,4.149196476517008
7.027830637261137,4.212974591639447
6.971035078309923,4.221837565308816
6.999770636622522,4.209248507098191
7.008023083682418,4.237003320948922
7.021668881852013,4.238287157867824
7.013139489447341,4.275769691828515
6.99173781703993,4.271327314935378
7.00740244691947,4.278922236365816
6.98401870958366,4.315673069835262
7.001195982019775,4.348018669286679
7.002436797901454,4.348840832556756
6.995296092170267,4.345026058318274
6.978605828355472,4.346584240859704
6.98690424668873,4.368642909422001
7.019575258356887,4.387691098484651
7.011642344656466,4.4073802521527
7.019830770008894,4.393874756055675
6.985517627814224,4.43526332074775
7.01798707761806,4.381884591454546
7.006102635751877,4.430006021611304
7.022552504522735,4.449479613515421
6.991361544303584,4.456859335278112
7.001938575995369,4.488332289845732
6.9811192573905565,4.471806529267742
7.020823622433118,4.492756370138815
7.030789078277306,4.529817463309742
6.997559783877888,4.511915480553808
6.980331023177047,4.508209556890759
7.026033043592691,4.48798413377173
7.00605284506543,4.543128781563374
6.957213324610445,4.580649300680864
6.997899984192828,4.615863918770395
7.022674348960105,4.604225768777684
6.997380805189509,4.633268447931836
6.972250691650153,4.6435770796385984
7.022692105228432,4.651520518162717
6.972386687173552,4.680575260033886
6.96718637726084,4.673191931678607
6.990146181662557,4.64135517455747
6.986881255245613,4.689360114860205
7.021172401924998,4.689381974521574
6.9658569117303495,4.723869238720996
6.983660025417149,4.727105601214007
6.983959535289217,4.748734635057507
7.021926290547804,4.741260776519003
7.04032569969093,4.766582483357862
6.99247596464873,4.778922871093704
6.981649255801795,4.7959247034524335
6.980932002119733,4.801775074262467
7.009445933851241,4.836924673613657
7.005448556980884,4.834355375838338
6.996257838385176,4.841373105902477
7.024316936963255,4.804500980445916
7.013034824577239,4.898411005350832
6.977977478871408,4.878388464587623
6.989314402674951,4.855894199533505
6.992878734648855,4.890807295757047
6.962283760569358,4.918053264046278
7.001179611369841,4.943411933397563
7.008718977163953,4.962221101559445
7.006834309739659,4.961155528754401
7.065139749082994,5.008959991562698
6.988098868768482,4.970988060128373
6.971359163802036,5.028085007951212
6.986212620584452,4.981130357070524
8.962776413363013,-0.0209532156446286
8.967387962580919,-0.0137770898323826
8.994318032538631,0.0088204218876706
9.034912548126462,0.0223895177001804
8.996230494600686,0.0333524180022952
9.04159960433124,0.0835148262305582
8.993817024233746,0.0555016415534872
9.038152370400075,0.1093572072584334
8.995408148169801,0.074184723375945
9.001988917482715,0.1141180049407123
9.025525951451815,0.1481240748539362
9.052468560106814,0.109483170649432
9.05377740631512,0.1696214639875499
9.013844656070468,0.1898508587073162
8.999999369675917,0.1901496973400854
9.041767867444976,0.1660683991185932
9.051769494811786,0.2202998090375015
9.066921858921685,0.2224956358435382
9.034323966529636,0.2481980781568418
9.023990343408082,0.2779339084765321
9.04799139719563,0.2367096347521001
9.074407297524347,0.2179930878789172
9.05668274307402,0.3067636777885334
9.045915534576114,0.2798025612092636
9.04660182777439,0.2445084350511268
9.070885981249496,0.3016367736791304
9.084878948691816,0.3327555274488821
9.032635939465012,0.2880989243761788
9.045966049229564,0.326095758491417
9.069787052725356,0.3806988058989339
9.104863881499483,0.3676720192637867
9.0739385297273,0.3956670905992631
9.075818671422777,0.3976559089273532
9.06499276952221,0.3536470520729021
9.075176099113886,0.4086391818674969
9.067543729435926,0.4453443361664773
9.100560549133428,0.4173046659687834
9.129457134768376,0.4746163902358505
9.105983389241144,0.4435588634507355
9.122795339474848,0.4821505914926749
9.081815391741424,0.498907955667101
9.099286785030452,0.4982644163166981
9.111295970845818,0.503872017184249
9.093389697164096,0.5572802216187324
9.091210257430845,0.5187484496254142
9.13846613823777,0.5567255995225272
9.146804383008192,0.5506844186847644
9.090809694789046,0.5994694732352615
9.115650717301389,0.5759376037785634
9.122424672066307,0.6096309902792287
9.131568478328644,0.6484013602687828
9.112776565871552,0.6563466531623583
9.10192911221858,0.6391843243988399
9.146091529615994,0.682625492636679
9.176682731160604,0.6525518780959287
9.10821896721984,0.7092729080049825
9.14843243049147,0.6764788124878636
9.092503865143453,0.6919096699329293
9.157293460454856,0.7453898843828426
9.140848386409566,0.7415212794882403
9.150386158911378,0.7613317086232412
9.16050788218359,0.7692171225179019
9.207817804593416,0.7830377268102052
9.165755245641328,0.7765293527098063
9.12591568553094,0.8043672631108102
9.12333282503164,0.7939395784238829
9.147128368710923,0.8340471876668923
9.1511079768475,0.826584965002623
9.17294684948492,0.8409814533241274
9.172836935629912,0.8361263520442457
9.144997158172249,0.834999346141657
9.187705787869309,0.8824877734840307
9.18382128440978,0.8835819945628435
9.189178797627877,0.9205553444335132
9.19583399276811,0.9114045408105332
9.200900980798004,0.9270704534719092
9.15333505095651,0.927929244180412
9.201535677283022,0.9470439326622294
9.193861033014402,0.9519557396479842
9.195275043559008,0.9868551113255636
9.18730926744225,0.9673734977813268
9.200415198871442,0.9753154438318468
9.22328940365214,0.9884618261216936
9.226254427335544,1.0136632474079277
9.19173370135474,1.021543659649108
9.216788930981508,1.070442019989864
9.225486316935108,1.0729378999549295
9.261282713219016,1.083519559378419
9.230524717325896,1.1019801856421425
9.221747988670598,1.075425684925544
9.213518315051653,1.0701054129729644
9.20415977725587,1.1136394136443852
9.203398153566772,1.1246377100945206
9.23123714168495,1.146437257262506
9.231105801178472,1.1704251703254642
9.238536082468585,1.195488589454659
9.269306183768936,1.1892118661895803
9.206045290453606,1.199697200775738
9.234816224761945,1.1973993839610744
9.251297568761816,1.2055840038044985
9.249905226022092,1.2223538022931484
9.231697563359589,1.2735500541712517
9.249392438139065,1.2750659555417625
9.227768426481347,1.3217646375232113
9.273209417475988,1.270938537142958
9.252616427152743,1.275740268976936
9.24704808686345,1.3164921720012617
9.288544069227846,1.290330145130043
9.274406084354665,1.2930259984800032
9.244890780008475,1.320215224603749
9.302890778483778,1.3821130899915897
9.257620466196196,1.359747087091675
9.283611993634858,1.351330202773619
9.260688292804335,1.3828007719638524
9.306090765834035,1.3973893956265706
9.311145513556156,1.4202553095421466
9.29117989882925,1.3893455644797403
9.301330486879554,1.4450980826607052
9.290757156747729,1.4128404057168216
9.308522600789855,1.4775764014702275
9.288527073235306,1.5158076321813203
9.274656008486495,1.5146652457422345
9.280589560430448,1.5184460850162034
9.31926518015676,1.5239000389158155
9.317320435891876,1.5458865685125285
9.290580219014764,1.4912792774486048
9.326598904718905,1.5369853385414578
9.32108599941992,1.5898896247767942
9.308548997894327,1.5889558819103986
9.307026514713346,1.5881963836755333
9.269997453283528,1.6140488076205008
9.344905591481927,1.6290717368741454
9.345479775613242,1.5986070784177229
9.334217842491402,1.639302260674142
9.336281028963626,1.6102987675831568
9.368757025812195,1.703724374346994
9.327062906390728,1.6667452976515786
9.319998316841517,1.702434538739953
9.327657795722958,1.7001689654357883
9.321165908267975,1.747218799109003
9.391132604278868,1.7482423601280142
9.369108945099295,1.73271895558793
9.347980920671471,1.7196463779599576
9.35923394379893,1.7944671282912716
9.33583878516042,1.7354916918268202
9.37287979635025,1.771390835555682
9.349922312053687,1.7885529942351912
9.319832661676257,1.844007628197936
9.365661471328997,1.808896909250313
9.408513986122085,1.857331325912872
9.36610446132754,1.86076597784521
9.330711702745248,1.879788623718491
9.366206846226092,1.864814365485613
9.381777235840596,1.888169440378184
9.365206637630289,1.895594682285852
9.371550445040263,1.9208408868777465
9.390691934773084,1.9121607470878603
9.363196046943468,1.9572795964441856
9.38000278588554,1.9491177528080448
9.376286046394394,1.9983419543265144
9.387423382514818,1.9698813003390048
9.395948864549108,1.967438003072136
9.39349129902634,1.9784170104187269
9.38876898387983,2.020382106315426
9.388474192473543,2.034787460052492
9.382232788747078,2.037621671015152
9.421121320963348,2.0330464807353787
9.423485223848562,2.0579712065581828
9.450086559799798,2.0630557080186533
9.447898158652857,2.093787842476037
9.428789512557842,2.0977591029648988
9.419139656269502,2.0934597891986946
9.427720516823776,2.1151667023327123
9.450830043739536,2.128026485530238
9.441651596873156,2.1619956544879724
9.445921328044934,2.148134322657408
9.441662008337603,2.1703929364038794
9.416515816816604,2.190145190647143
9.462626461007504,2.2025355211151214
9.43177688932285,2.186032483471151
9.41214612399024,2.218245234415981
9.43086337472279,2.232058817461327
9.438946167563325,2.242476230838738
9.458407186139512,2.2423522415908472
9.437689938075966,2.2944975107614773
9.450763494843818,2.2636212522550982
9.468770339608245,2.289940550566331
9.443162376820238,2.296158369562153
9.446523214012252,2.329681144448132
9.522180583217024,2.3152202576881966
9.45849405817633,2.327321947835172
9.500825772241225,2.369857185009681
9.440061475559306,2.412364232784067
9.475906929041962,2.3969617035045583
9.521343837696062,2.3721660682103733
9.48190800997318,2.4411527018142265
9.507752756485491,2.4097423341790742
9.477124568911062,2.458695522744933
9.478615621597758,2.462857758647288
9.473831587814503,2.4682217475585864
9.506891902123122,2.475062388571273
9.499335096333636,2.531310046946782
9.503338401020253,2.536431686954469
9.518676175504169,2.502377834096913
9.52974042320608,2.5250906419808903
9.516168891430564,2.521937678165576
9.525125689038028,2.524678532456159
9.527428883019244,2.5437035208273926
9.48847348101682,2.564394690055985
9.532658814794022,2.565692758160354
9.516526859880186,2.548921579985868
9.549928614919269,2.5661773814863995
9.522336605895878,2.5866922778050645
9.54685435418656,2.6370554515599545
9.527288995846131,2.5956517684543168
9.503160585454555,2.61719423365802
9.516657178221491,2.665236412536936
9.548470945004356,2.686029798472328
9.5294759718621,2.6932888613658545
9.576363201575187,2.6964939931986223
9.57538310722716,2.7152605146631
9.519158880901491,2.7253905188592875
9.552737334141383,2.7302655377766945
9.537318797300845,2.7642873119895905
9.540834765007766,2.733389341698027
9.532814878656266,2.796245056507289
9.537591966550456,2.800484869262853
9.55684025957322,2.785981235510247
9.614177597585153,2.8211837933429984
9.566721881990013,2.823357157534665
9.5553844586542,2.851869046750393
9.59645442930096,2.824045671770942
9.58136957241938,2.8330049722450688
9.549530442864503,2.894665856117709
9.574180445836443,2.8597640258586865
9.558374995796642,2.9011196088878046
9.598591345820772,2.927898239764968
9.61906973378036,2.9275920223899456
9.557796396727042,2.9083510603351583
9.615342961015347,2.9217698612567498
9.596090349813302,2.955862297710704
9.584424727630854,2.9388894318229126
9.568543250130398,3.006914111376779
9.624672913084511,3.022146753960671
9.603948580589432,3.004655941470532
9.619143623913782,2.9887175816813683
9.592863676871673,3.05879358052335
9.580966040346684,2.999973852439761
9.624406689762129,3.061188938715361
9.590114332760448,3.054349475417024
9.626342381215125,3.042938862063455
9.610593495414054,3.088602436467239
9.628876766153722,3.0842158733176475
9.63122984972014,3.1151519466985853
9.626751234980118,3.0876697242487507
9.619892422016765,3.168237028177036
9.565096450757093,3.1432822771647384
9.612894032968974,3.1667549077419985
9.657861160199175,3.15111987315878
9.61201942739105,3.205348658826706
9.607883357488577,3.194714611119932
9.61428592485369,3.235354022608411
9.636010852370546,3.227068655233224
9.674464000827353,3.259371831807284
9.642366869906704,3.257745725378665
9.650555107159168,3.305118917363788
9.634465465330644,3.259999185843621
9.64079289543376,3.289001845637399
9.65237706231142,3.272319336694468
9.67760617588982,3.2598283409126765
9.67718122045312,3.3130718360390485
9.649263898174407,3.330943935734098
9.693281655192193,3.373951674526748
9.68195012044742,3.3548196376409822
9.700511836002438,3.3516706018345586
9.700161251611345,3.354145991420637
9.715303305076288,3.37901127582735
9.691525122618238,3.420610315856174
9.682032876237535,3.4140308813815143
9.733688468802209,3.423327824854233
9.69035465461101,3.44412615640746
9.726120027583107,3.457507222404444
9.69370071907528,3.474085004696982
9.680236482897252,3.4841947867064733
9.70375806962233,3.501727637767048
9.677428204486992,3.4932020838762203
9.712385850101066,3.581400828534382
9.717735036773352,3.5240241957927725
9.737021939533838,3.534744972195114
9.693372523878033,3.562784171893637
9.717398839983527,3.563425529570212
9.736250018006643,3.550407156710375
9.726320457029884,3.602662004344957
9.710744907542445,3.6052634144986486
9.753208336324125,3.619178059923384
9.734681410182535,3.646235866789807
9.726501420980464,3.6382279278004086
9.745677324761772,3.654878327724208
9.72694021161441,3.6827383834491134
9.72167508356068,3.685401019916468
9.7567332757038,3.715409086078457
9.744309816351524,3.733285681148093
9.737214905688925,3.7045044024725593
9.75189073482398,3.762895298316772
9.75804249034028,3.743968950945565
9.755405151311962,3.753792949232293
9.753116281589474,3.756729154267213
9.768855331443518,3.7959737642605234
9.75134329046776,3.788897137617432
9.747810059589831,3.829917554926463
9.78773862170579,3.824622135794002
9.731483684209914,3.841141058088265
9.764093513294013,3.827966226326647
9.765347120500632,3.853561733162218
9.76695848603409,3.8781540302245454
9.78396016496213,3.88530663618754
9.73473751081909,3.870404305437904
9.757765241437143,3.877096125626833
9.79003097973516,3.9266215225466152
9.778330616211113,3.961616493202088
9.79982254262788,3.935395031143752
9.81694713849486,3.9614995594254414
9.780290013226516,3.964716221241849
9.788021817622736,3.9981781345373344
9.784682007892252,3.9889513629808055
9.788570862185416,4.005252116593511
9.815167927883628,4.039389277599221
9.821431664458707,4.036737021242263
9.815790295969654,4.056786383661189
9.825450035636422,4.027832215284192
9.838246117469676,4.07397747208373
9.849705352288092,4.123003851863374
9.820212080046725,4.066149585391607
9.83809575767777,4.088583557304334
9.8022476850049,4.091580988733702
9.824441834941496,4.135078031746206
9.8664096083045,4.131534549518834
9.83383026642646,4.143615530945352
9.825332093491092,4.136111879959791
9.826632408630768,4.189442866286844
9.835772572371374,4.210447637286992
9.817807540981494,4.178695276489246
9.84469670545763,4.226436708231013
9.838787469479657,4.235905298958048
9.858358662740352,4.185481552965611
9.84944234926694,4.268341556007928
9.837917841499053,4.270689311939907
9.857883348990528,4.275899404432168
9.881514547820196,4.311094830362421
9.911828432762402,4.3022684260463615
9.814165700093948,4.3236775301342565
9.87489151496886,4.344287315280194
9.862825726799272,4.3288058272792185
9.87067637284906,4.336108874449846
9.870671846461306,4.357045202212039
9.844353547549456,4.377087114073815
9.904748272162513,4.385071405091225
9.906562800727617,4.417927246993092
9.885627927925034,4.440356300946918
9.921215957486352,4.391926236447214
9.894676302919514,4.445822403773655
9.891914589307357,4.468992781227501
9.880534317973927,4.462335940914467
9.906437143930988,4.4771620292016845
9.920890972216412,4.501268612832601
9.899722339419506,4.510000786591402
9.92419430868631,4.496700691973946
9.910298484653614,4.506567791909732
9.91214123080942,4.538887306627745
9.933534246993664,4.56093823572695
9.874603222626977,4.564575235582735
9.9344550788804,4.570603194504715
9.899609397550805,4.565019499728022
9.902876065444463,4.58159831990913
9.986371221168676,4.584563668866166
9.929003305510664,4.6240693767874985
9.940654914525709,4.664474027051338
9.933629815371631,4.6457613625137775
9.940563229283544,4.653196720434958
9.939049866433315,4.6617201471839325
9.913286430133075,4.72238959395107
9.94681986192288,4.722065375391047
9.92733797185382,4.701282503329562
9.960739218343551,4.733263920935125
9.955837887339143,4.747892206241849
9.95573308153101,4.790292817759278
9.94199988599378,4.761575875929922
9.953326159766746,4.769243605742829
9.972849929220772,4.804150964350024
9.966100430318848,4.799160686693114
9.98443347223353,4.799779495971611
9.992718355602031,4.875820942435425
9.970526390399364,4.820303599937164
9.98147414605142,4.864354925830436
9.9239340935444,4.815287825432625
10.004214107635466,4.900331166278577
9.97374787344962,4.894522843934302
9.976238568580662,4.915722945142838
9.931681168882417,4.899739663220499
9.977780272209928,4.915238725666875
9.9886033950832,4.947489748863257
10.006663817244243,4.949032124753401
9.97359809971038,4.918916419781194
9.990721778750178,4.996059481107244
10.042784520410958,4.950194922873546
10.006730061231028,4.981431608640085
9.982523617757307,5.010535969381677
9.988924738370503,5.013645181660567
9.980681347268186,4.95614754514258
10.001327320590049,4.95462041681344
10.000788518555542,4.970626553668745
9.989907885384572,4.919804027402414
9.989721894660258,4.927267123257918
10.007157268612596,4.913144342465091
9.99956900152791,4.926813437430114
10.010039286286815,4.929527747587096
10.030546808799471,4.87131398662796
10.01377745126142,4.892210533583377
9.990672464575818,4.86728038056092
10.037945271020725,4.85869865302428
10.049084418062543,4.848094655996642
10.041459753305576,4.81660272079316
10.018628406617022,4.822902082916722
10.01206736250552,4.795331563064038
10.038181706935813,4.808208038949919
10.03675522413778,4.758404100108486
10.05578053996902,4.740515657242695
10.083699384700775,4.753907898829827
10.05534499022012,4.734353341488219
10.051529655440056,4.734602586201748
10.050760311470814,4.733022532877157
10.022259383957232,4.718096808648851
10.064163957568825,4.692942090159802
10.047307037220632,4.713300089134479
10.065235674201016,4.637997766987182
10.10670337415675,4.650141062263532
10.05677584632029,4.626441007704628
10.056327022003275,4.611248139973989
10.091574068945636,4.6420536395704906
10.08260713814152,4.6192800228735615
10.067887437558372,4.576447339943814
10.06999828033412,4.585373311179346
10.0920662168258,4.553906081814957
10.082580853036076,4.565597339067376
10.093528143922612,4.52996506280775
10.095273528709164,4.555781759297454
10.072084428799007,4.527615621702179
10.077329931230128,4.538128128982234
10.117019539061587,4.501108302829032
10.10875840967405,4.471067944581812
10.091077285042804,4.465380889031767
10.060826124532287,4.472992332616105
10.116346567575787,4.399360469271858
10.117502382201192,4.435617504971754
10.146958656020155,4.437715010046277
10.1197399590968,4.4120820695150975
10.096641857841531,4.397741196188382
10.119621271581812,4.3710457929376805
10.122851389533162,4.372522270427951
10.123906920576475,4.336866121823049
10.140538889709816,4.282394244073646
10.129702258652308,4.3545888122432
10.1235306024809,4.335775762321142
10.171328496425824,4.321205626155516
10.140788971333864,4.31494127258053
10.14525590411868,4.302755841609128
10.131522527854004,4.273324666137149
10.13937799390582,4.253758803457921
10.152728874899683,4.224877078313369
10.16744380939754,4.211703415008085
10.13820755425578,4.222569961301548
10.161561311454667,4.213595983818586
10.15041405359679,4.197048358707157
10.148763751262315,4.149960558127969
10.147992354080586,4.191331072265137
10.205344547119529,4.123563447619718
10.164038358098912,4.163566079966397
10.152550157042343,4.146463297066675
10.148309985290329,4.137343406328282
10.186399578369098,4.123970280922803
10.186002487942394,4.112041438878887
10.184926646487956,4.0992744471959695
10.19624267813498,4.1021304965798615
10.237361719534068,4.079567304176057
10.195347176561652,4.058731949442667
10.195815707588263,4.051624276169124
10.204649281792577,4.017961222665159
10.220389580686946,4.018240945132718
10.190386603764878,4.012264537521165
10.196526985925123,3.9709570225680975
10.21768401417344,3.963267158666347
10.232015967626149,3.995103331279074
10.221776856998003,3.989720224701304
10.20106339407712,3.929360175965074
10.2156556660732,3.924427696535514
10.21801525849951,3.900206953967308
10.242828455591,3.893389917994202
10.229815817879857,3.8608300106741646
10.220310383915384,3.872611209576476
10.215835912217646,3.882330602518174
10.265440014571974,3.8211234480339655
10.247357414473782,3.845446973188957
10.244471363020525,3.81822018184256
10.22084435176568,3.822463036975713
10.231771412463338,3.82600376728889
10.219275124790144,3.7913927602783
10.226269591373354,3.765482173673296
10.272052331041076,3.776328070369114
10.222855755556534,3.78470382253484
10.247793572647025,3.729411619360244
10.292605595670668,3.7274019229703432
10.259845829396928,3.69841159928273
10.27539951441464,3.6774223204338914
10.264095116446114,3.66077017308635
10.239657434679216,3.7154501575966186
10.282098112210022,3.683086464148507
10.245463351144585,3.672985220464161
10.30525464216582,3.648427220568186
10.253015665978252,3.679445528293232
10.300729601268587,3.620078052955721
10.264019893905878,3.605960050722638
10.298640413673194,3.5907057046036046
10.26209684132803,3.606023234616335
10.29263775672929,3.5794916451191865
10.277072753407088,3.534269027852186
10.286731081215752,3.5369927235862324
10.279891907167992,3.570726626231583
10.325984484622614,3.5211094968539403
10.294420381491893,3.5061352487701853
10.329406467892651,3.5125986419469326
10.314265605932944,3.4589223988282702
10.314696652773604,3.4852260208356767
10.30718876519779,3.467402372058823
10.311418312970709,3.4519662949726704
10.29825409235648,3.4484506524047647
10.305212588742322,3.405877216829143
10.306673186194423,3.400534578922189
10.335385711749264,3.4271915500661656
10.31668184004888,3.362066151124888
10.312888685965982,3.4131185906972217
10.35023506263562,3.3508643461938945
10.316275737441329,3.336210467524674
10.318133231454356,3.34091953166192
10.334907839058962,3.31816974015835
10.299357721236651,3.302101408568185
10.305038421826954,3.280876298830675
10.342732589758954,3.2994355880125794
10.339226376443497,3.2804043875141784
10.3352726677577,3.294008266783773
10.358625365861656,3.294341922164832
10.3914485551983,3.2362577919033524
10.354214102086114,3.240830505259253
10.359724270833546,3.2021804224900534
10.354112692939356,3.15760993370462
10.369030848583174,3.2169503327747084
10.350642173258429,3.157331016473127
10.361494263295544,3.175331312038708
10.37313620946492,3.17886038493337
10.403984787291126,3.138437172963203
10.385315155731512,3.092470762650193
10.366971208024054,3.1047744174309564
10.379597450897023,3.11861609405735
10.3866164363061,3.1085111286493072
10.41620009690385,3.074562017374582
10.404220617263768,3.0332643695232258
10.416365465221697,3.044352688656285
10.389544129175956,3.037378888959672
10.375288960440662,3.017294313139083
10.381087000162315,2.9977535788824423
10.370713643934227,2.982216871432809
10.378475003981372,2.982189311531844
10.409688995851504,2.965449659357739
10.4180039835852,2.944495181302505
10.409198876215967,2.956234724982952
10.3504280324795,2.9688631667008583
10.411028886605951,2.8970594937962413
10.405940754836998,2.9297500466528748
10.408434674920636,2.9158447875229703
10.430518956524004,2.8989772189031013
10.395144349235668,2.907003955894837
10.439393036205711,2.8948202972397903
10.412179981806393,2.8514064004420794
10.44209623130164,2.875825969054959
10.439324478134424,2.784978943583218
10.429372279875484,2.802197097416473
10.420060956188236,2.8041588185500306
10.451013866433332,2.795280562824592
10.423102072087378,2.803384023096412
10.487739921878358,2.7824726753800944
10.423658864954692,2.752648571367753
10.467578881652797,2.72634404274394
10.47360099593593,2.775166410692704
10.437294684527911,2.7007489314864004
10.430658304596742,2.705323976224746
10.489754947862114,2.700558747669255
10.462309364437996,2.675182321276532
10.47902632740177,2.676143582013944
10.42507707997387,2.673796431765004
10.466534759713385,2.634610306788208
10.486954028724211,2.5931975132592813
10.481014187242138,2.635702621692777
10.47024031603968,2.626701845546533
10.5134420762751,2.574262913834489
10.493074959971969,2.5717458969576765
10.4784970698469,2.538023733143672
10.49977672981641,2.5713141886827167
10.483874799561477,2.578525912778321
10.486338822729538,2.518773104581896
10.492920566073735,2.5164555860672326
10.497534335758052,2.5369833020336454
10.478060628911509,2.4900121423154618
10.51095291570346,2.4838478456291124
10.48479758317621,2.4766871304115066
10.511223118841633,2.453755427247784
10.510108128847474,2.443508161395474
10.502500182962862,2.4404725080609886
10.50319037220602,2.4402689970753046
10.530409913720456,2.378453237013914
10.525652469060017,2.4034799547164085
10.524152710868194,2.3986922537388744
10.516314640288543,2.379502504781901
10.499670174681755,2.353250685037886
10.549557949680375,2.3491510135929663
10.511669754456756,2.37648542973914
10.555826304914344,2.346195957240057
10.515017122563908,2.296827678635581
10.506713699757425,2.292082083477843
10.509056879109105,2.274463098848492
10.548244059682736,2.2811569907812164
10.54486144425944,2.2738295709627625
10.589761361648076,2.2337772463143275
10.57388193428467,2.270617781467214
10.568848068606906,2.230080050885187
10.537339516758909,2.2380505641322186
10.56233090944705,2.211012791053573
10.544662798969211,2.182187722663617
10.5682917032109,2.178348142931906
10.566361868381888,2.1673893320645794
10.574171565897029,2.1836416581723608
10.55641305897403,2.152138522182751
10.578563927615711,2.1232320155953146
10.5884584643848,2.133214133146493
10.583179071092374,2.0903539238633284
10.539205561585716,2.103614249825463
10.586543335126128,2.076379897992421
10.586957312836589,2.097051023160738
10.5591091938322,2.0209247470768585
10.599652485808097,2.049431430762188
10.566477608806473,2.0199535378804603
10.583494248674963,2.015440820077389
10.56349586113633,2.0106718997420505
10.59061180763802,2.0422936400922502
10.616504184231722,1.9714173877748489
10.62415747691611,1.9882677874063863
10.625431377149283,1.973628883724028
10.592622840316238,1.95777545457148
10.617216358028369,1.957366152809116
10.633868069394175,1.93209719403641
10.615620812689658,1.924233787412507
10.615387464969531,1.911511701948768
10.622351642152868,1.878229925831268
10.636290370435116,1.889174803081957
10.613113641708972,1.856145823169336
10.613808687653224,1.8579171583911367
10.625699721632673,1.8503134435423745
10.622731884429523,1.8140686327384088
10.647852803103731,1.778590986820577
10.625113496215594,1.7747740860601364
10.662057317318853,1.751777509421899
10.60816547940801,1.771594024616043
10.591983904086211,1.7651436964384362
10.683001921666564,1.7322438470829469
10.626168119915445,1.7227371011246018
10.645704879508438,1.7198345879756751
10.633398433469678,1.7385847187155057
10.65288828032942,1.682964056313186
10.641690747643397,1.6842793917491048
10.687346059845783,1.6523641071320234
10.695871297501949,1.6746335970762094
10.649873358047245,1.6647263013495794
10.659793058989813,1.6305120035174554
10.68437536186178,1.5982865110228448
10.672480476118674,1.620323083584433
10.689890227535146,1.647176671751073
10.685057587357695,1.5507549357366073
10.717789167513777,1.5435288771335791
10.700850269094769,1.580849756990785
10.732289752199286,1.5641723125893054
10.696748021405956,1.510248523220743
10.673689033818135,1.5373963845413654
10.696957076008449,1.5370605877270649
10.69076084218764,1.4839196092748956
10.666680898648526,1.4643373448549584
10.68017519467704,1.4922762125371645
10.703587405306433,1.492409548429723
10.686844429381592,1.4993289875207236
10.723869972645492,1.4471337946263116
10.725579980888815,1.4189932491101962
10.71481963304997,1.4531717520352143
10.746354512267285,1.378460110876946
10.704011678356594,1.3997411077214024
10.742427193063364,1.394755965398368
10.740747543426805,1.3784421919635244
10.763349944766984,1.3564443351837536
10.735299572490366,1.338492355103441
10.732554905082152,1.316419735464141
10.720044881652736,1.3088566954294958
10.763086872627332,1.27537442580473
10.74270421693767,1.2672117130712834
10.737099510909458,1.2978682628638147
10.704683570011326,1.2766048179126634
10.748184449923956,1.2553433023179963
10.738963398967664,1.223800068978807
10.75616574318635,1.2191897763176105
10.73874398440021,1.205287708708806
10.819245897287312,1.2061519261828757
10.745931860616306,1.1486340200478502
10.754748301048949,1.158934738871824
10.772869622244029,1.1793688071699224
10.788941776668397,1.180357516349143
10.78172687235739,1.150756521040311
10.788831932196976,1.1514101780025916
10.75073424790116,1.0933540834928477
10.77085552170754,1.0989583927058666
10.807581176170787,1.127578208472798
10.779544523305225,1.1003031345503758
10.79910915851791,1.062391419884064
10.754960083890438,1.0534457571861775
10.807109588666275,1.032785688306955
10.785658690492903,1.035873999309873
10.804395401796976,1.0214101441183456
10.820687865080869,1.0135329479591628
10.816556991125674,1.008679362491722
10.796278926225446,0.9782492559952356
10.820731082523322,0.9582032368229568
10.825223072196438,0.9905572100554092
10.823330985668102,0.9338752625111972
10.78864714931182,0.9466483816441956
10.826915942052215,0.9223411160774496
10.802491198495565,0.9253297662942476
10.811077363734572,0.9002217090795687
10.805102158749628,0.8635518326849037
10.82742107745328,0.8520934469501026
10.827556829148756,0.8674637219476553
10.81914899337078,0.8513736341643433
10.841314170850051,0.86094029100582
10.853652769982135,0.8273923285879862
10.845349490146212,0.8136314569457621
10.862629092655514,0.7903865093718678
10.8381055226935,0.7909549898993166
10.842517269019494,0.8064472798320307
10.840058367580756,0.8092774617331011
10.801206914560543,0.7340041463057662
10.878146723467289,0.7287611681645588
10.848817598773929,0.747507827353
10.892287581061138,0.7098791544825904
10.875640805677884,0.730644041961757
10.849316811944623,0.6506495938094667
10.825832586412137,0.6664843939139453
10.903385736732776,0.6630762615487176
10.856248414091333,0.6679620532998388
10.858162440488144,0.6241161848353355
10.869279372332274,0.623514575077507
10.87731182033574,0.6329057128271747
10.85011128903306,0.6022078454228125
10.891468265172984,0.5575080544356005
10.884245665877508,0.5762607344910434
10.879602848158768,0.5798893092707476
10.89471524071766,0.5607558335780323
10.871921955398632,0.5498551909685762
10.910447548355515,0.5637147055502609
10.85614267672359,0.5122892593772279
10.947563696046196,0.4805716800610338
10.88938237014504,0.4780057214618648
10.89462865235356,0.4872214100940253
10.894035148679649,0.4899869917806607
10.938683624202202,0.4818383149385717
10.915861376083637,0.4538442976692862
10.924026429048432,0.4582077556830454
10.926876297716795,0.3854713887995212
10.945978321215154,0.4188671807759089
10.93140032651376,0.364951975002433
10.905055406064967,0.4115472249672796
10.944313050142188,0.3766580664918748
10.95843320491157,0.3541474846591541
10.911572154357078,0.333390164415609
10.917905754230588,0.3559949963221244
10.93185744821851,0.3234787261764206
10.942610384654577,0.3150295824918322
10.937516773233046,0.30266715006113
10.939304820898984,0.2790148086624934
10.948512055040093,0.2938012092580735
10.97524550851472,0.2733749236491645
10.97821023258822,0.2494089270948799
10.97331838524854,0.2321246945707712
10.98382678844104,0.2239493840311282
10.93725074578485,0.2044161514779993
10.96276007069837,0.2017825666452195
10.935289169580225,0.1799752316251047
10.97347044105272,0.1891180257748448
10.990977138346375,0.1509281135150323
10.965102296060214,0.1554490632452054
10.970173351769816,0.1344477481209627
10.947682307636066,0.1363324558207297
10.970676931110129,0.1157629370005516
10.97880667261524,0.0876421631865458
10.946163488675213,0.0891365676280671
11.012681993402376,0.0715956841462236
11.002824458013167,0.0529313531118348
10.964847100901396,0.0412653331912839
11.017508506558515,0.0183761536923685
10.991036021947512,0.04527515464038
11.03160334954824,0.007941632137522
11.012254924801814,-0.0214438829525848
9.518110464143495,1.98763123657308
9.566258796870278,1.990683411447313
9.497297244823638,1.965172615926904
9.571858267812988,1.9738547576317087
9.570284702275575,2.00739096572203
9.550310428670215,2.014162027834013
9.58265714665112,2.024895065447946
9.58173025761816,1.9780951269767624
9.61320002744077,2.01664390942006
9.606291881073464,2.025497027281
9.641661422611728,1.993106542267061
9.624580746726288,1.9692231552224937
9.637264188202616,2.0192665500259936
9.659740185777034,1.972145232217087
9.689801788610694,2.037733154559791
9.671128416191026,1.9845691140903825
9.687240977955485,2.015608172303217
9.745735894903238,1.9952086031074685
9.701578015516931,1.9778822427124347
9.711870406218509,2.005049813519776
9.740350468389131,1.9948509894156177
9.753766818760958,2.031472170366809
9.739433220798054,1.974659409060022
9.800639570611096,1.9772967266561656
9.807669221284812,1.980117643970428
9.810979667574424,2.004143596075125
9.85272032362797,2.007587958172537
9.86361990069359,1.9831275839067823
9.8378362100429,1.9969960720468385
9.861157022341963,2.025529432661501
9.846437461605314,1.9938901069930333
9.8757871404482,2.0145163928539827
9.914228337870156,1.984686724778583
9.886305172441592,2.021458360742863
9.88781379153584,2.024809432014101
9.93046524524461,1.993204981305379
9.903724696127032,2.0332677829025063
9.935520993159692,2.0076783852394944
9.947744786634306,2.000612153864117
10.004176171307323,2.00827281136612
10.004956001132498,1.971413215047988
10.025081303489472,2.0205903436777493
10.018690974028454,2.008738367673001
10.06935271781791,2.013660462611021
10.053429283684997,1.998086603846144
10.0664340478575,2.026301512286842
10.091991004582525,2.020644126303301
10.106283794973285,2.014265535935762
10.093157257464668,1.95768919034854
10.164535627647613,1.9898170176639576
10.144962393258313,1.985699243287944
10.140686138046178,1.9971564829770352
10.164375020547524,2.020920948233333
10.17989865659124,2.011280939607381
10.160801930312696,1.9932435825636088
10.200022750827658,2.0016592533631727
10.210477719932824,2.020061226162762
10.227569500773836,1.9935486100099125
10.262775088996632,2.0248520502963068
10.216877875164514,1.9687810719554928
10.24654084128214,1.9786098973060124
10.287349182583856,2.0189115464961547
10.254600929852488,1.994236083804108
10.297524105843705,2.0336051240935693
10.281312346403306,2.0144903660822364
10.334838917115274,1.9896258256992545
10.361040306370576,2.004586419576504
10.360504483370004,1.9500656804186576
10.333216393431394,1.9878146055494177
10.365890750119087,2.0106917690870696
10.415895699472197,2.01980754702011
10.38489657137003,1.994956213557146
10.413360059487845,2.00320339837714
10.463266608130164,1.970368878150256
10.409684234454753,1.9929043746581043
10.451140808510486,2.0008932377479995
10.470997560529844,1.984871512292624
10.501970266282871,1.991820235819096
10.46520079399557,2.0344397133582905
10.512223880861686,2.0271742976849536
12.006085117042964,0.0325210542991001
12.003544502627491,0.018178041922041
11.971882399724358,0.026602562659962
11.965957003239764,0.0598284959989039
11.957313743977442,0.0613021804069156
11.98966999706102,0.0722717461891852
12.00227507026552,0.0403152483713454
12.033395452934425,0.0680107163666085
11.998260461117749,0.1097934393612496
11.985342715196504,0.1275363204277788
12.021520942797832,0.1547981565968826
11.975629889243171,0.1680995629514425
11.998508034482349,0.1768113168680876
12.016410192289731,0.1820769184402135
11.979265102493482,0.2080648257317577
12.008357784911484,0.1746010427884048
11.984696079403928,0.1981099256300644
11.992151474988749,0.2309728253735345
12.015553776525016,0.186295361427224
12.035265875252184,0.2334265347108077
12.010060189478828,0.2371356559473738
11.99099504650339,0.2595360917540875
11.973403941142845,0.3166986014830888
11.9779265044014,0.2951794214632823
12.006455974677518,0.303458284093675
11.983923832739167,0.3348321658702646
12.016330576685467,0.3231526533284577
11.99415420138632,0.2968611463185365
11.991264401215526,0.3478763866635346
12.00095592734097,0.3691236706223244
11.980174072925912,0.3436753026761255
12.034520601127484,0.3692053916130857
11.989722013125023,0.4095890065564566
12.041466190672349,0.4196642917572551
11.976971059850063,0.435242100053182
11.971109259439752,0.431967166807935
12.020496793816516,0.4556127165623786
12.004200942559248,0.4395019041886137
11.93466842362756,0.4898826184202526
11.98240820092714,0.4758989733817125
11.98758777653218,0.4893264631354828
11.987006644902417,0.4786141892311273
12.036361142374544,0.4826580202977528
11.999610263016791,0.5541821285635944
11.987882368874711,0.5259741822147055
12.008492561054313,0.5667737241771165
12.017099429143007,0.581889510286915
12.01872913643821,0.5925654532333495
11.99097542576838,0.6279274631532898
11.996935059196373,0.625907108973044
12.011526752668829,0.6289358477961484
11.999023731194775,0.6521096210162616
12.012651048837752,0.6633827424735839
12.03781955044268,0.6422922961749649
11.99675137064755,0.6790809288741391
12.00838999014396,0.6906128371356071
11.988875588364726,0.7378489426718167
12.029490711529991,0.6823280579214782
12.001407742418436,0.7452959859077063
11.97707348309144,0.7510010631855087
11.983330440529004,0.7341674899525371
11.968011373088313,0.7848292628869612
12.032377708289518,0.7636993396264162
12.015720843782296,0.7774704785666422
11.981825166378842,0.8059219442427443
11.99918768996493,0.8087391447751903
12.032629597375402,0.7975758854577066
12.010537413229017,0.863248977876313
11.995280399141611,0.8349697657120908
12.059280102387326,0.891259103375491
12.007367623890255,0.8765019541659496
11.992908976398729,0.8948926636237349
12.01026984333058,0.907443456931072
11.968852770800444,0.8941853019568858
11.99028462892904,0.9503540569438644
11.995617210204768,0.9436903114346574
12.009114539481017,0.9147968569377044
12.023486613265726,0.9636852265098136
11.983326889779274,1.0075524629742922
11.98016135142788,0.9806401686773688
11.982592325540702,0.9922556600430228
12.04420580740682,1.0123595323590353
12.023712384349414,1.009544466334488
11.97956674699973,1.0063455332663584
11.99386428778438,1.0553853745769282
12.016569529719058,1.0785807242094534
12.019218355561938,1.0478602568067328
12.027424515243649,1.0717032250419376
12.01078381642234,1.0854295326697183
12.020191296940762,1.1233660446889626
12.001436038257864,1.124575395904218
12.009109080515062,1.1578159499290694
11.996664104071217,1.1570061210956768
12.011009995193984,1.1589995446928507
11.994479471339194,1.191995146375452
12.00180996448195,1.1717399594032316
11.982372496104771,1.19004197532063
11.994221894066383,1.2000347611893936
12.038376363711608,1.238304752402775
12.02090218761725,1.2225451816692814
12.015762724488782,1.2996205433535464
11.99079003015086,1.2707536604954213
11.984939800153493,1.2649898916033495
11.986648241847234,1.3012560474709955
11.972323707476551,1.296850504450907
11.996187368462463,1.3130563150104675
12.00146733340965,1.337409154310656
12.004401184918066,1.3105780688676851
12.01184833082921,1.3478739121341023
12.001374695035254,1.3687558382389144
11.999682979468115,1.3849531474873265
12.004706593788216,1.4135148053947104
11.971288554138637,1.3928826580531133
12.009919499607882,1.395485930303511
11.98012868913808,1.4094777560545673
11.992938969930696,1.4450803497648943
12.029659553988743,1.4429176510489456
11.974753322214372,1.4513429544941556
11.998837716419086,1.4702523784093404
11.97653620568444,1.4981905234327877
12.0589540041294,1.4885612901808043
11.975244263961969,1.5227616829786292
11.995185389746275,1.5460352416877918
12.005464717865816,1.5500585502455786
12.01274161294008,1.524356332503218
11.992661197098965,1.5678362785067963
11.98329427959274,1.5763430065402422
12.011507365962824,1.5761447526030854
11.975397157855552,1.6599042180988304
12.011362858107308,1.5855873366722295
12.05127737192451,1.6138379834581096
11.959119845132244,1.6482466349417224
12.007111595449144,1.634987785356121
12.00262456590297,1.653678910317776
12.009035072243964,1.693504141581797
11.989245765506857,1.706458778634008
11.951496450797276,1.7260910182721343
12.025194805886644,1.707310283734681
11.985737672648604,1.7049358277688569
11.974539876254855,1.7572097971322047
12.008957832008283,1.7768228251393567
11.991756268868146,1.77249963041263
12.023969681548923,1.7890657587515533
11.970286327530731,1.78740915474425
11.984332317229384,1.7738532355974297
11.97604579492219,1.83341561094829
12.001255947313556,1.8558364072793787
11.98156337897526,1.83443194632184
12.002703757263577,1.843650730042791
12.001025589005396,1.8470249592336183
12.014925726560024,1.918289579395917
11.96986839922707,1.8716483186945327
11.986545726120031,1.934778877542607
12.002229513619888,1.9013577607254832
12.019145727292004,1.944097221381761
12.011989297599612,1.9585059558330296
11.97837971226283,1.9766573062540744
12.014885856300756,1.9873397357265727
11.992369191633689,1.9846459020464573
12.000785582602475,1.978423976136872
11.992158494279884,2.034030082919568
12.00837177455356,2.022768291223425
11.994347731756791,2.0264107815645227
11.969196110593126,2.038553898657474
12.033014841299757,2.0719992940743666
12.008471465196235,2.072101737532116
11.991859836744329,2.1046670966452647
12.046151516896904,2.093290172976653
11.985971532646216,2.144109771284793
12.00419766238871,2.1375457988803435
11.951825612764624,2.098514075761201
11.992524967773509,2.142962050241036
12.026274006681136,2.179941055705337
12.04167011909653,2.189332814438808
11.99207810452075,2.1951267279493982
11.984102629857118,2.223327723241604
11.995031262199356,2.18638024008352
11.98114337682455,2.196114583194693
11.967282594500745,2.210416312342313
11.965720689220722,2.279680142205495
12.020049353237631,2.253498531430846
11.979261719353651,2.2679576982946985
12.00424294217862,2.253372772444296
11.99384677029436,2.308927039510139
11.987024567093137,2.3172712455603373
11.984391884114157,2.3020007291398885
11.976742031896592,2.333301214081616
12.008608579428298,2.370565967119821
11.997192574462524,2.3483486604758896
11.984076681088071,2.3546376203224257
12.013025905573526,2.393813731383933
12.00554847479776,2.4042021058593583
12.000700532436657,2.403782349783909
11.97579246979782,2.4076255202189323
12.00799274736738,2.4492030364439232
12.00458096372099,2.436534581622732
12.014449527574332,2.4425245203474666
12.025323597199382,2.463079844870469
12.03767002162536,2.472113620712756
12.011538847964598,2.470571122352845
12.003017345883586,2.5116038497356525
12.068327263331993,2.4976796151888654
11.998525587090509,2.516779499489401
12.012151689436411,2.5325884173747943
11.995549731836832,2.575478933863335
11.988633346649388,2.596027580032007
12.00741517881705,2.568735658718961
11.97483583466384,2.645540961147059
11.999848566036905,2.618053965376552
12.011769994700956,2.6219497580007
11.987359745460672,2.594582705324571
12.014070171332182,2.654339508992619
11.969886864867563,2.636401010566945
11.981401587036965,2.715825805422708
11.96398664972034,2.684596352710326
11.952733130541697,2.684265564200428
12.014877417005954,2.72028506337468
12.037863572995246,2.709400390585856
11.985881356516323,2.738844535090786
12.001432228306312,2.719696054264903
12.02381715757429,2.7546160317138404
11.992810144393056,2.778525752321509
12.058239770361077,2.8020137437750563
11.99315631030814,2.776671821220186
12.007283216905307,2.795192174963947
11.977309831413269,2.8169173654568977
12.008827102825766,2.857536140074839
11.979747896733915,2.837753678397353
12.016537356924992,2.828942353429573
11.99907309487492,2.8442340380458653
12.017338142220416,2.9159678009040224
12.0325627254729,2.898175843641655
11.988416656054529,2.8902325414208825
12.02023476370488,2.8721749161702954
11.989759459090864,2.9089230530976127
12.023753255349494,2.9306775496278754
12.011544199964089,2.933632304236848
11.99909880644752,2.954881548668034
12.0098943050968,2.971809386886069
11.984354151125736,2.9881482733640303
12.00069390199683,3.0098652363561498
12.028848689361482,3.020048286578827
12.023229587991915,3.0220154775389103
12.029668988595986,3.0539769623218325
12.004042324373875,3.0817404322873725
12.023123771114,3.0702872222154345
12.004009851197267,3.073043812771371
11.980358947926014,3.075752343199319
11.997539389852584,3.1268014970385263
12.026854102879255,3.098745816042736
12.049082135434912,3.138857138987192
11.972869292937109,3.158810485642696
12.00891590200545,3.178514642881305
11.981313444678364,3.173867796989958
11.981266812397504,3.21252379765416
11.975750780679617,3.1976693447482285
11.984496225130073,3.221468189247765
11.990498649933167,3.23122098072856
12.019283585610196,3.2293692712523967
11.988208148246423,3.216207264162012
12.008171666736375,3.2875439553700376
12.00725650477313,3.258426338278669
12.028235681507216,3.285141136143406
12.026139447466456,3.2991512475529103
12.018562795228428,3.286050375291063
12.002288254190946,3.311943430526388
12.032865841345348,3.331199048441171
12.00434252276141,3.328519193092468
11.979047481523162,3.3499766308751395
12.001389656103932,3.3668482807913698
11.976010552908267,3.389131920564195
12.02031961484506,3.3794286933448405
11.984428168203,3.439270353383226
11.975840225022246,3.4270000755653003
12.010022984932368,3.4052547438359824
11.994881458911172,3.436565249088677
12.011744047642404,3.44787089103746
11.97956713491308,3.4795934949465543
12.02279643616772,3.49306264991461
11.966225059432206,3.497400030374438
11.975158475829977,3.5074159817323687
11.98501475861399,3.4884976814602577
12.008770656162325,3.5620387840489984
11.960970177659798,3.5456694097714263
11.989477240393574,3.5375279654598586
11.99766299090269,3.565910248994081
12.013337044954186,3.587518489335798
11.972645548515612,3.586471099835799
12.032502642513082,3.629781771611752
12.001101132198675,3.600801872538036
11.993239804965189,3.648654631104712
11.990206632547808,3.6127164492727375
11.997144598112495,3.669566773144127
11.951559512040944,3.6932534874732177
11.991725386967406,3.7081710602829614
11.977784566616666,3.7039599356928647
12.00731569591938,3.7210310903295727
11.99382955760252,3.716423200236575
11.999170933754671,3.7024278493839806
12.020353849982143,3.732805825059707
11.990823674432391,3.78461986369372
11.995695620009704,3.7710494982290057
12.022734337137791,3.796366289034523
12.002435820888216,3.7786804086188464
12.027838582341404,3.7944980482269535
11.9645623022458,3.773708095223068
11.98124401549276,3.822555288396557
11.973244344759626,3.851609727613946
12.011066001089588,3.84652796119304
11.985222167326125,3.882280830236113
12.002510114584124,3.887670234309896
12.05147243940218,3.901895539443148
12.019747687949517,3.913222272024756
12.00577191179379,3.936960624489507
11.99789364443719,3.922781844929605
11.997763474876711,3.977512608476587
12.053055205817412,3.9721058417763215
11.992744366734684,3.965089001462655
11.994343374343975,3.998373780209645
12.013245911470287,3.957510304821224
12.012098001098982,4.015231091527376
11.990804186346011,4.0190842337538415
12.004580429723932,4.051623367155012
11.98545083392134,4.087503803763656
11.956354475912082,4.04467780625956
12.028718714416218,4.05777469673611
11.972612108043204,4.083774660856173
12.006047821829611,4.118218950799151
12.01208857116799,4.088754525435093
11.967873486474785,4.138604959702676
11.98971723398098,4.158856158621899
11.984894801491423,4.128007421361924
12.002478570813285,4.154431798709697
11.98796173264596,4.183879492988752
12.011316353292004,4.186682546408802
12.009180031421987,4.180699363068546
12.013440779672386,4.205393920523279
11.974798831249736,4.240894831842877
12.012157856453385,4.228739493064935
11.98793981053331,4.239055293059118
12.02135327941016,4.275080325860524
12.016857468492203,4.288612167938563
11.995029435466872,4.265187080734413
11.993915073461828,4.3233609584613735
12.032109120426256,4.320696231299164
12.017202447270028,4.317632719263212
12.02109768854446,4.325545067092185
12.017519713193945,4.336900819554084
12.001801183832828,4.34957109883583
11.994370699109249,4.331235541578245
12.012129850380669,4.392363804593881
11.954698940876712,4.41102522359577
12.014656526852765,4.382176053455775
11.96040074834094,4.399053249139822
12.001977689627132,4.454983110088938
12.008726657399125,4.465325155746704
11.996905373810636,4.4339571145206165
12.007005084619689,4.488279398139023
11.978508422206971,4.499919554861006
11.950503106226542,4.501975943837296
11.971651620802223,4.514729709229045
11.993236160203027,4.523352761106609
11.996256539361475,4.52518207717379
11.989157735303278,4.519180284869998
12.04205251929288,4.550505515237547
11.956107310433906,4.536903862735175
11.99508104464495,4.594210796386385
11.979760765936923,4.584487733457772
11.985872833552172,4.605834500815263
12.003054049261568,4.6330632727390295
11.981850534463998,4.658174711138789
11.97884345120718,4.638577522570857
12.030438323055504,4.605738722521947
12.027375843866984,4.681341011675685
11.994130480538583,4.682328169799361
11.98807785234984,4.648953675423204
12.025737545273351,4.68467265514612
11.993819473231042,4.739863564848828
11.993920565460472,4.71255042079394
11.996167698058112,4.75203547237489
11.983693548226414,4.767140768573479
12.01851339108691,4.77321592213608
11.997622724264229,4.804849685422229
12.003204971629929,4.801675583947774
11.964859994088366,4.812024800943934
11.971469068872496,4.791494768799673
11.982879034178769,4.820228510506032
11.96196581018805,4.832083861232111
11.98890542731695,4.886475054226833
12.025368924513614,4.88614740166268
11.98093662007271,4.920903337444668
12.04293004333006,4.89794673628862
12.013646932627386,4.90717589135229
12.02349874377757,4.921971275511101
11.952678958052848,4.947532006212178
11.997663592470216,4.899484540618527
11.955444244289314,4.978281431759516
11.99072596135564,4.980567198421801
11.99868126832753,4.9741788198797074
11.976877393590897,5.009244759557982
11.973205223248272,5.001664245237612
11.986083888406794,4.9709358621694655
12.025188746852049,4.990776964803024
12.031051040253644,4.974475954359242
12.088696157851803,4.973712564863676
12.031022216692106,4.976145265886091
12.034079867695777,4.985042710979601
12.081133736501627,4.980776009765969
12.0962214715804,4.977101569236493
12.103177450737984,4.955703841710833
12.12454568557427,4.925809904293851
12.132447472660756,4.980842776171877
12.161758441750283,4.962973794182142
12.144051326000508,4.945785447936308
12.160440529575869,4.9230364894857015
12.142144654804651,4.948353213328563
12.189633907085028,4.914588022173753
12.251712042321063,4.907591469574829
12.20554494725034,4.947678768511595
12.24729127951871,4.926666032303912
12.222914582836053,4.9350496745982415
12.274337009003697,4.943787160756852
12.25013889241438,4.90476128522537
12.272856898759713,4.895421590731564
12.283412398200426,4.895682761074875
12.287693795814915,4.895495993196101
12.3466724393362,4.9059249227949
12.320399698211483,4.89469447644926
12.295320230447116,4.892245480929365
12.32322843859594,4.877797688919465
12.363699141932887,4.900001744598067
12.376479066564135,4.89671846685749
12.368208538086217,4.882242798417127
12.41893713487504,4.87188712247101
12.385292105990713,4.8826951852927385
12.446161196679055,4.831101793285359
12.433881380995494,4.862958001133535
12.42994848252199,4.815557003969439
12.468380910517173,4.828326165150306
12.438322588364406,4.8585987846089775
12.488954231719752,4.842966945429376
12.489621113344874,4.823126876232948
12.523226681360285,4.858427867199381
12.550168206274371,4.849607997402906
12.578486965014417,4.837346414053693
12.572618492242611,4.799685028653231
12.57235915184934,4.82306283246475
12.562432505137089,4.819886150789157
12.554318193865146,4.831871563622692
12.591517537023966,4.8150247242051485
12.594459777699043,4.817774099644786
12.608644148508096,4.784539886985987
12.623596127905742,4.789305026538843
12.657259888041246,4.794663955319854
12.63220457646394,4.8190882763771175
12.62647910374824,4.78276203417553
12.674866486026064,4.7807760207084975
12.701518124153832,4.742209658504179
12.70322916285826,4.7672201486740216
12.695037295941743,4.7749143732375146
12.712620545423682,4.801624095496438
12.717663543030866,4.753619242836623
12.754965719027448,4.761650354788871
12.756564838214844,4.733058956028351
12.760204104621131,4.736265311590074
12.734345996295104,4.720629713409792
12.795775782555278,4.754018723387936
12.78694571526672,4.759393521183227
12.83531313343967,4.750968035924705
12.84399175924578,4.717278990241636
12.849649169341456,4.73349628067613
12.860720635591386,4.7299188283873725
12.85598896895091,4.722300421955817
12.885064212791848,4.739487418062682
12.844780360529738,4.679551167378881
12.893491932170612,4.7253651894538224
12.938066102002184,4.671440542570489
12.94647912374277,4.663026809622269
12.924428763724029,4.704204989790175
12.974122538216228,4.63183916430688
12.9457137399805,4.675583042514222
12.973718494391262,4.687994768324326
12.98661613935646,4.675574542775798
12.994312275503225,4.638112440505839
13.020879205068283,4.684671478234171
13.031485443160484,4.685348752619063
13.03430273165863,4.66632234750276
13.06689696816497,4.672411837878436
13.073791314628105,4.634306114420977
13.076956805495636,4.643593669298291
13.07894855565387,4.642767464282191
13.07194562582163,4.635577231095286
13.108949439849685,4.646278632081023
13.095072919846835,4.638418217962679
13.126535670974764,4.59613830284065
13.118115018437624,4.607802291951211
13.16184562916739,4.614978492746694
13.154638137814414,4.624516641595106
13.138215001015366,4.589326716145374
13.15827887211696,4.59461040032915
13.22057781548507,4.586695660322533
13.182357896333627,4.603858053960412
13.177078214431557,4.580067554024352
13.242305696338857,4.619352459503864
13.283864859852574,4.5849617513889696
13.296310708250823,4.621085016979325
13.281792134803814,4.589197924254512
13.28036419826046,4.594815727932926
13.286367394240424,4.571388369943435
13.277292529700611,4.567202658844679
13.332912558877524,4.535814562729203
13.349804267816094,4.577396965320833
13.34160177161594,4.536824235796417
13.352496490362476,4.590228733401351
13.359878193497918,4.550969324937191
13.38153741872756,4.506663810587126
13.381333077863484,4.542915392895575
13.37094190390452,4.551324980035455
13.40719210083427,4.500390821195079
13.43803011522828,4.512926788466634
13.45296990403079,4.522783811553306
13.445413964119016,4.551803300788079
13.517332011143344,4.536452321223024
13.462706294908015,4.553372789669157
13.497115161780409,4.507273938524947
13.497015975545388,4.4936631588252185
13.482619273393096,4.504695121779071
13.513895275266306,4.4778048258585805
13.463560708157914,4.484585298603856
13.444333754744813,4.464579630830223
13.452693450364007,4.51879928004838
13.446030302641905,4.443071478975448
13.450182304659402,4.437435469125171
13.480292447525333,4.42967350254599
13.449037819423102,4.4389035728634685
13.43904625245808,4.441494489003037
13.404267939349252,4.372069274870452
13.402009779283365,4.394072622302073
13.38768496230605,4.3680490303778745
13.379568055874914,4.351853363092706
13.425170257226709,4.3659178546357005
13.386849040203812,4.364685922254557
13.405931704309976,4.339054168851432
13.399082378453535,4.346937424805109
13.3504547118034,4.333748550654088
13.339503591620645,4.298780138724959
13.348731601804836,4.298639769571256
13.331150980252874,4.3229836769736325
13.360816998792329,4.291718155936762
13.309464144717664,4.269667239447227
13.327519077733058,4.246845603372091
13.315240386431617,4.259152163508865
13.297597907789765,4.255904865495847
13.283425698468944,4.24831743997882
13.278235608974123,4.222485363493069
13.273185934461866,4.20321562018992
13.254574417262717,4.225844135466822
13.24647966188043,4.198588244703749
13.229555182779157,4.16614128708816
13.241341181358482,4.153248380914666
13.263434293357069,4.136384519107264
13.242528835580243,4.141364868514756
13.22148296384565,4.121737536489043
13.227697364054514,4.14502146770049
13.211160426989876,4.126706944259133
13.201075902626725,4.081633759608789
13.218462599225887,4.092353563150808
13.171253809296148,4.090909713360651
13.224282070386035,4.095123538248422
13.176238951619762,4.051344042288334
13.147561491315145,4.076141501709721
13.174030753967903,4.0145899904335804
13.166019856655176,4.049878435520558
13.124786074806538,4.045510639972931
13.152651228726189,4.018558137433881
13.162212820166197,4.020592245075295
13.127329866839926,4.004681702647787
13.1289986977511,3.94451970883638
13.093831492587997,3.969369797528995
13.096337098889302,3.95779793017678
13.121637151117588,3.952767517501745
13.115039255489195,3.914267554186722
13.08016776682104,3.985982376400544
13.064327803660872,3.89260828126888
13.083441953637472,3.9232809982043175
13.053731135800131,3.938601838777207
13.023571714634748,3.879521163814863
13.035938927281473,3.89560988673954
13.019686057875242,3.923619705869551
13.035203356504622,3.865733780527002
13.01739620715924,3.8742902355788913
13.000116680855026,3.823906237797316
13.025965058058866,3.837506844534664
12.985792165937529,3.837509939083296
12.983384633121624,3.828450686582803
12.953219020467635,3.848243130920978
12.979413751322715,3.8123069263310527
12.968762071089468,3.788372289849234
12.966764815183272,3.779120062827072
12.960525692858438,3.790965169167076
12.980452221191682,3.738846918735301
12.909212520569346,3.741217894081424
12.967216640006658,3.736247651961927
12.927966548401011,3.70149991579468
12.879061054728243,3.73004857786505
12.901208015785404,3.688415043535383
12.90186923333529,3.7090790751219234
12.894247496187807,3.6918074732041952
12.870391058976182,3.67195508373456
12.823801351938112,3.680378192112421
12.861728891228188,3.661907013841853
12.843409062050116,3.673567548808309
12.874718480937064,3.6324993628416897
12.853309255123078,3.631783163209422
12.869124138162388,3.608916815207367
12.809116034324797,3.58124164658627
12.82359137321184,3.5756754297561035
12.81212348062718,3.597676252528463
12.774825415078675,3.585442694147491
12.774130134373856,3.5626901051464968
12.77415729878608,3.530627955008064
12.787127467479635,3.5852384999559948
12.790032903107107,3.5290797464050385
12.7592601123625,3.5092650756600965
12.763017718420745,3.5099122346688425
12.789633515682706,3.485131991395674
12.756345429347377,3.469412883538649
12.74825072731822,3.4788997927753504
12.723651885352416,3.4949715768976057
12.692256267586911,3.4492421633296044
12.762096030617418,3.4538359877188203
12.679025946573091,3.41989001079512
12.726442158796234,3.4294342729832623
12.690378997181917,3.387026985224024
12.678722428675876,3.43374178591733
12.686149224607137,3.42918929382048
12.659101898046735,3.386818676510559
12.700224588576203,3.3875371148180022
12.70689418195411,3.3863612304687023
12.65618688259104,3.3030840335934624
12.63532729417,3.355911034114162
12.612982387999937,3.33122469876678
12.625558311015668,3.3187835899234783
12.620370864793896,3.325551078670491
12.622957945619824,3.322560702962545
12.60245096774574,3.291692108263723
12.60615869749622,3.303223952799797
12.565915824182127,3.278774783004881
12.564266548346916,3.291176512538419
12.572204144362358,3.264441410043704
12.540753243606064,3.23459308861034
12.52909655832317,3.2559953593056785
12.51582477634419,3.233200839354378
12.510763096882814,3.2244657094833538
12.54551589818737,3.203861887758144
12.540535585980562,3.182526133830366
12.527635286505896,3.158163256288776
12.531506506085632,3.156371590695211
12.489583205747184,3.151984513433205
12.456001165801666,3.1376937829815263
12.49848233989402,3.1684139548694743
12.520931357956856,3.136149612179029
12.44829647837964,3.1577605032004725
12.45338980481266,3.0988864471633635
12.467895136401845,3.097985750341791
12.474234533780995,3.087564252916392
12.435187183520735,3.073925228633839
12.406587163705703,3.1011721483760084
12.416778635051546,3.1011471428748583
12.409825951138275,3.0641509626426884
12.398659612556427,3.0619725085489224
12.402486283543398,3.064001755796517
12.413061696446093,3.0363488173003
12.406848993445184,3.0324401183971723
12.375801812447817,3.0098794506707622
12.363452666258455,3.016799131570545
12.3968363214114,2.9791715852408336
12.351456600491858,2.998111741170505
12.341173993799266,2.9938719566784604
12.314191395238923,2.968053006754992
12.330025635951312,2.94936599125796
12.377858153028413,2.95696405216759
12.332747959734869,2.89875426767607
12.292647706891175,2.947190582252415
12.321916191703831,2.9065485252484047
12.299762369641108,2.870171848126773
12.307423634846254,2.91647404163609
12.283697084493182,2.879882085732039
12.272903465600075,2.8770545511741754
12.260869612653376,2.877464431074316
12.24687265030888,2.8531305329925285
12.268525458251602,2.864491706982707
12.283569999292627,2.8307651502402984
12.276507394563149,2.8481533423197933
12.232850717004087,2.8153280763586133
12.20598426445941,2.802598049592985
12.245380295902754,2.746884437153056
12.198359241523828,2.8105511342160634
12.17282292795301,2.774488880011039
12.172352527459504,2.753597513064573
12.18497125387634,2.739516941458939
12.202007202086168,2.757114582179943
12.19084983354063,2.762502999687776
12.104171895962146,2.729948626601544
12.149611891071867,2.72537635159972
12.132321278045469,2.682380172064288
12.151933664488054,2.728776451085568
12.175015336675033,2.6473477214729706
12.119506121460825,2.6928677326721715
12.121102294993523,2.6485670752267265
12.130014132776036,2.6302027493290296
12.134892666871554,2.627952066121256
12.096772813606156,2.644736687210358
12.084944687975051,2.646721180071679
12.064534287080486,2.6062353861032785
12.0671492098382,2.591905563648051
12.05049768741047,2.5713639592557405
12.042345091771605,2.540917333967175
12.038756497073928,2.546569439953352
12.029321640820116,2.574539397612892
12.035949928339424,2.5239481940155866
12.064002162412695,2.518724575084095
12.02503440555646,2.498638563275951
12.016133908474623,2.520098630411669
12.024610256072473,2.511609119300326
11.989258985729483,2.494780238307724
12.00800142195711,2.4917678288024923
12.023992991950776,2.5096448109766194
12.042671514316226,2.513627489723411
12.03231654125905,2.464873504854085
12.064113905582635,2.462003285771821
12.04785384135664,2.441559314423325
12.08396061755099,2.4475251733865697
12.085263798134578,2.4627911363497166
12.078777642788468,2.444243385202165
12.05906981528339,2.444729154528768
12.10430215647013,2.428606839608329
12.135156923016009,2.397471196214051
12.13157985440835,2.425603974049214
12.11664818582602,2.4167811139479025
12.143072323399664,2.3953260743054767
12.14416027845113,2.42848944715161
12.154165764074564,2.3617519950217094
12.1672602663511,2.3569111324554384
12.18008304646158,2.3559100826615915
12.193915509897574,2.3597442661686148
12.218709546218545,2.3831174289039563
12.191524679951144,2.336164130917337
12.233174009067923,2.3128933549214064
12.213681963338107,2.3347058760085537
12.23838057395232,2.325428664522956
12.2832628828358,2.31505557938389
12.27653933544806,2.303212612307866
12.281731036974149,2.3024754177648497
12.267650214455408,2.309698092213748
12.306200898615774,2.334846991394043
12.31896506851279,2.2871718875394498
12.345923121671504,2.3199348032498013
12.31718918944516,2.2650712705054667
12.329099484603423,2.246011370092876
12.324564520982555,2.248100256706772
12.374526164782749,2.2510680764721767
12.381957660920158,2.2255825634031017
12.377215980582369,2.2151289622802013
12.44933647651711,2.1990717821143484
12.39983869747854,2.2262654194421096
12.433133924290468,2.2125613084118148
12.454546228580408,2.2128591061373744
12.423900982474194,2.203367216212469
12.443524096937772,2.1610338694366407
12.442941275818272,2.190637648301587
12.459162895086155,2.140322943627483
12.45797401358145,2.1570827477779986
12.481514049647403,2.1395293378727
12.496283975898852,2.121688666410656
12.525561054942507,2.1494725623393744
12.515486513398168,2.1372440291928982
12.566302415287618,2.164689945919318
12.575369080801975,2.130158878479957
12.550249070429295,2.0951655687748274
12.55352608586852,2.090415368630553
12.564672503076546,2.061751072570748
12.584033193854976,2.073666779403874
12.582182033694968,2.082288438580054
12.605222450847776,2.0934113741862346
12.585565840783325,2.0595404481215387
12.591661742747172,2.0870820425588765
12.62725014711108,2.051681242886392
12.634694130070038,2.0395236726657617
12.5887291693552,2.0652769520445378
12.661698114352363,2.0561974111920627
12.708203831520851,2.018725666706293
12.670003332630564,2.013631394876878
12.670632325029915,2.0043997910074904
12.722772425279585,1.9516173688240872
12.693132920532609,2.008894664776236
12.703584577284127,1.9773078834773967
12.723761321589764,1.9858905339079789
12.740191837311867,1.9699246249548616
12.743942675187808,1.9521504628361408
12.75651003315552,1.914892399599518
12.756790086653716,1.9593488144107385
12.760062898725234,1.9356456170432927
12.802484573121433,1.898821774769692
12.812359862270736,1.919817731389561
12.780116064065426,1.9175046908918256
12.836284114531688,1.900499222235124
12.84094046395731,1.887798278459704
12.843590195774064,1.866534003091452
12.853592626852189,1.8500897819143487
12.86889995943793,1.8857968202830853
12.845800100575484,1.8751489818050275
12.855639481357576,1.888410045392249
12.877116002294304,1.888455940890584
12.915392702279776,1.8491048558041403
12.903102331734436,1.8306809340677488
12.915473536982406,1.8274932756683813
12.914473904805607,1.8233557159611995
12.944498061065609,1.826553946072191
12.95792206819171,1.8128703818866327
12.953556610951802,1.7707767163485872
12.957686731048035,1.7958984323738143
12.99617565234328,1.855316523637465
12.993109283549614,1.7671154140630017
13.01012324007166,1.7503392604775323
13.013152678117484,1.7277611543382247
13.01506470639084,1.7598435476288532
13.018333061440622,1.748125032671032
13.047664821695433,1.727212489366526
13.064585055015764,1.732018798920872
13.083356343455977,1.7333016103462298
13.087077986673556,1.678225286414437
13.10598154046182,1.771227126867987
13.111088541389169,1.7150887010225295
13.126026613052474,1.7365697661378168
13.11156370253816,1.6824056874208158
13.113617356465651,1.6941855665504393
13.10449421714518,1.6767857033754694
13.13445141836604,1.6768896418888208
13.142981371099792,1.6833977423077096
13.149346692624816,1.693144193046969
13.13492959250128,1.644076924491241
13.151208603724392,1.6179507189551006
13.240690891106135,1.6445066395021677
13.18303023975575,1.6539950942105488
13.208301351096672,1.6233995383450306
13.205876884520425,1.6148446832706362
13.211642598705852,1.5724405941222044
13.248504354945387,1.6214837725621836
13.243620924397469,1.5866640812466684
13.266436123923176,1.587633153762247
13.324646118484088,1.5852913413023615
13.27603886215902,1.584666562216362
13.31751337142842,1.562414765621835
13.32481221428714,1.5688638632997411
13.319858060693685,1.544940350311023
13.285826270156974,1.533630576355755
13.352325807005505,1.5013105098277113
13.358210304986878,1.5245546722411465
13.35263145415072,1.5045386245402257
13.38045183033407,1.5392957549865147
13.417794581112592,1.488355366230003
13.407533674115824,1.481562353641748
13.433059925983764,1.4562768326514186
13.396153065833794,1.448690127854063
13.399768620818602,1.4488192836898777
13.429838537059757,1.4569869319174649
13.441989670357822,1.4395163434584597
13.440107450358344,1.4284166800825564
13.466701911075797,1.4225144346566347
13.506455122202496,1.4583641098604223
13.483648877495472,1.439672883481039
13.49167059564035,1.4402757084976194
13.49037312448704,1.4189437363553297
13.526419130478006,1.3915700792864547
13.504310924581777,1.3978365016016834
13.509463982614044,1.3884074605328047
13.526316120077109,1.3760449782699289
13.558929073723707,1.3614991225110176
13.568702337422453,1.3333622367443152
13.54924034866369,1.3654683698838583
13.595418932368869,1.345205789973632
13.595069889467302,1.3350795140083154
13.582785230842989,1.3484847554606243
13.611939255515477,1.3037973841193582
13.615760747329436,1.3493420224941015
13.61631026994095,1.3229794454296626
13.617396862980112,1.3348943841025676
13.668192228781628,1.3304704981036632
13.662081399459607,1.2794916688494735
13.66862114651918,1.2641026479529964
13.702354660979385,1.2627907260574125
13.72917337353804,1.2719618231494614
13.693243424576572,1.263250537380287
13.738559428560924,1.227938690809059
13.754106895514138,1.2379497559491688
13.731176645453964,1.2103458540646606
13.706761003712575,1.1989035449044785
13.757773981335264,1.2335291707088247
13.775382271875367,1.2019496454092706
13.792830513306468,1.235386185347182
13.788751952237046,1.198175437507957
13.81053228523391,1.1743949320390925
13.805153702175522,1.2139637724207055
13.793300282856002,1.1283836220425
13.7831733676738,1.1690077895690263
13.776718071110889,1.1849630996703917
13.78879589768644,1.1465291153386443
13.777034422729091,1.1602654285396852
13.72958360298677,1.150600002463095
13.708863790486165,1.1490156491871162
13.71140809343196,1.1409681167243628
13.694940267551068,1.1332838234246936
13.71726832552505,1.1279925358139318
13.679180849627862,1.13126443189492
13.68926194406178,1.1176418252265077
13.630687617852182,1.12671316593773
13.65178125206758,1.0918579225345435
13.652747640933006,1.0937332932070116
13.61731459662527,1.117313921596482
13.599809643852772,1.1191277543587328
13.612745956436711,1.0944546396348829
13.617221750278311,1.0444848665720716
13.59819577332944,1.0464860065983532
13.585151743031,1.0757886340362173
13.550417407375525,0.9858717289117136
13.562164274585056,1.0333220929983866
13.507293434778129,1.0303437347774995
13.557229968309011,1.0182847979756011
13.539111237668251,1.0036765357133255
13.535022546240944,1.0314597103051288
13.470460918870469,1.0259340392382248
13.447139761982742,0.9803967369820736
13.489737081025265,0.9934522585369486
13.495296435402905,0.9722643215884216
13.472649422816689,1.0155123403263022
13.439042864756388,1.0081843223301123
13.43821405498043,0.9854119369072069
13.444374094835792,0.9377103677716494
13.378792483821286,0.922449958766464
13.399202612441636,0.9307040355925236
13.39863003362673,0.9519332392694932
13.394159659987098,0.9288209900622834
13.382933963674445,0.904149650145763
13.364658574194696,0.9078978096832356
13.34393302090277,0.8960201382379193
13.36770711412614,0.8985641243674295
13.36258073156242,0.909773619493056
13.320524284813368,0.9030406764349956
13.3166166033118,0.8659845950391363
13.289069633639022,0.8560257862581981
13.28485224660999,0.8435075014809064
13.320587388648091,0.8222875229697724
13.274678154386644,0.8465025505739017
13.256275664493833,0.8301347201644749
13.224500904340523,0.8511435826694659
13.228914104057752,0.833881743700061
13.250685480298497,0.8187109228574014
13.174701113349997,0.7964397007342207
13.170489488984176,0.78947407019966
13.187761940541156,0.7984833277710809
13.221210732423168,0.7930832726962012
13.194555466156851,0.7585502412259161
13.180191323590776,0.7571623292714489
13.1547415508644,0.7926943822292234
13.157804776719166,0.781019738652627
13.161240792618823,0.7753639115273141
13.15203203309021,0.7478005630935975
13.091253630027156,0.7598742322618862
13.094181611308231,0.7621402993933988
13.105610310917449,0.7320559393498284
13.109480463297915,0.7244882891478585
13.07396325536888,0.7421166423823481
13.10035103533654,0.6882315350438246
13.045007938444629,0.7066064841090317
13.041293589430712,0.7135018588895661
13.010471040394757,0.6827376200328501
13.02288050857291,0.6733380906915317
12.975709056065822,0.6555378442817641
13.016634186909856,0.6564177890717893
12.993547055969143,0.6698338779669728
12.973963006914714,0.6895746022926006
12.991497091795248,0.6703638345964468
12.93754811612348,0.6783350791954544
13.009812430008957,0.6193557708299634
12.925383688528774,0.6008534798259915
12.921084139358898,0.6319004181202602
12.890717967723845,0.5503782289238499
12.933414482558351,0.5805032570376202
12.8967273190151,0.6003617109909334
12.868815707119971,0.5872976563183444
12.884509640246542,0.5619259916208093
12.874089894360669,0.5838087645041466
12.860539439440252,0.5526822127088675
12.841291482921068,0.5820539708648378
12.844644960116437,0.5706082597763165
12.820611337125316,0.5655088951252774
12.824613959369074,0.5329881830319173
12.857625910094471,0.5394294713365531
12.79681201679694,0.5393698795304771
12.761568295978824,0.5397664064456181
12.788858934970856,0.5289896427364382
12.765723581854315,0.5120286697451651
12.745664937866517,0.5054280854931851
12.72522053927141,0.4893139882558152
12.741687683044102,0.4982590482141354
12.722968650875634,0.4572823603974149
12.689293837037436,0.4792798889417607
12.71377275661384,0.4706401523898573
12.66238230676675,0.425742549055795
12.700298743008954,0.4222098521305508
12.675132057521024,0.4260491109378658
12.64294005398383,0.423578717467707
12.636182308809335,0.4206670940736992
12.63812294034134,0.4480366033255417
12.584018044760883,0.4261705666691915
12.626722187905866,0.4518367466642428
12.618391928605782,0.4135997047646543
12.550260772522586,0.3944099844658045
12.604918422534077,0.4048667755031145
12.596384884725255,0.3765385677479136
12.52354312600537,0.3491757675210196
12.562818353468186,0.3491707660639443
12.525737449935567,0.335699022985932
12.597378812142354,0.3698827801538427
12.528844413474816,0.3414384596460151
12.514496509786705,0.369745234860368
12.475985655555682,0.3123493629577223
12.475140542463242,0.3012642436065131
12.471590578572926,0.308749824814267
12.475906698706584,0.3382101517137625
12.455033774519508,0.3383987024396929
12.453367689042222,0.2870140264801641
12.434673859611086,0.2865595852359724
12.447577160513648,0.275079482715525
12.404603251036123,0.2634976115146925
12.40035272977974,0.2534264015472051
12.442198430642206,0.2597259290988611
12.385734483603605,0.262728754997564
12.397296312846644,0.2061516422746312
12.376805250014623,0.216674935139554
12.360701320789977,0.2682877618952226
12.345807327102907,0.240450107411739
12.314536139120102,0.2405398324367875
12.34762300148715,0.2171488501334063
12.24926827223342,0.2074732012521068
12.288789007895966,0.194716658878116
12.303311048533994,0.2117823065646554
12.285198394531804,0.1894010951974083
12.257514651304872,0.2202323726391702
12.263561835387613,0.195398482733806
12.25947682740255,0.1892198356706046
12.23802756986892,0.1974395114635403
12.24124735025927,0.1722695171448025
12.233147025847064,0.1626869612561181
12.230655476245156,0.1288338249434609
12.20071009564402,0.1060222906409393
12.17976186390128,0.0997915045368662
12.221173063009786,0.1214423953507711
12.160136356427508,0.0603654848443943
12.168736586082728,0.1267844217288796
12.136673406678476,0.1255022311643878
12.128119321892802,0.073566376673603
12.121263995325965,0.0931052697089261
12.079632895733344,0.1331630811339263
12.091330068395944,0.0758182258343961
12.108424764927324,0.0483325127274697
12.115943149175123,0.0573249696202235
12.068476055195184,0.046666748252115
12.039795323917287,0.0288259545882337
12.073142106914776,0.0487299459338304
12.03854921202509,0.046478536473838
12.043476576247414,0.0457152264545074
12.050940181921233,0.0440623424771173
11.992947629424256,-0.0326658117296565
12.000338771060706,-0.0015632126127716
14.988334431110417,-0.0187214724032677
15.000399225084122,-0.0112048893433777
14.98411917910204,-0.0134954281947737
15.020099992029396,0.0169144068117017
15.024829666220134,0.0592006296723883
15.012185886414423,0.0584579797475777
15.000420130746717,0.0594761590246405
14.988490688576114,0.0824166135988208
15.031295729765793,0.1160041688259986
14.992272889272696,0.0921684179016428
15.034370577754066,0.1161938258275571
14.993638078990092,0.1609110140094097
14.977947899784294,0.1495448620069048
15.000502460132784,0.1529565386227045
15.02039430388965,0.1888542755215451
14.970498576598157,0.1860144213497151
15.012213622623072,0.1786840239078466
15.018504541260022,0.2243111101145125
14.969689000130897,0.2232016687442988
15.00102509133214,0.2092864954732023
15.020497669223944,0.2662663296628977
15.027857307616973,0.2724839435271252
15.053209285751665,0.2838672166874386
14.960063869261717,0.2987766667561733
15.024259040518311,0.3141734054210259
14.962907531554746,0.3236359271393301
14.98710301595633,0.3004441834865412
14.987893516360655,0.3536215268741778
15.029981784531223,0.3620276278913519
14.967710337792417,0.3641216547574711
14.993783746841672,0.3922789098484241
14.979030896597354,0.3872676237845746
15.005657828986692,0.4086123042414862
15.041089685858926,0.421574362161596
14.973482764531449,0.4377310940091795
15.00872226660273,0.4055154948271741
15.014931142286514,0.4353562971744825
14.991698947604842,0.4736598863177341
15.028250175450234,0.482615102516124
15.032991566701757,0.4801293533371848
15.01263395357314,0.4869734311677597
15.013259134499458,0.5349781225999524
14.968455931319417,0.5274569164194757
14.986762513044576,0.5171243955817931
14.98474411521654,0.5430200327317842
14.963004378120488,0.5186665046264054
15.008456197659658,0.5717583802955994
14.99858353569881,0.585523840305213
14.988217306220902,0.6074678661952791
15.00650528862573,0.5591069254408969
14.993096391823691,0.6224405689813758
14.99640852983143,0.6503583504380448
14.979284115514924,0.6538641364001377
15.026262423485564,0.6804244782293793
14.9884807902874,0.7040145327736471
15.020991657590994,0.7096744179608092
14.970293102318935,0.72242880618897
15.013678936383736,0.725841911630813
15.017161655418937,0.7535225687577186
15.015161999726224,0.7554549322473133
14.997993509092428,0.7490859334902861
15.015156263258657,0.7670051483732209
14.975199275282677,0.77618210722219
14.987936219251264,0.7956978970028501
15.004299039069132,0.8015937386288199
15.01801776952482,0.8343590849793746
15.009739422448035,0.8373011529527309
15.02478385884384,0.837005559019967
15.010965435759095,0.8477828026000793
15.000409004230873,0.8846768507641458
15.014606163986588,0.886410057636604
14.979051202487016,0.9003629584599788
15.016402795548965,0.8967601997883741
15.023455049201072,0.9267483489524884
15.007960892358737,0.9449905231465257
15.003456834097504,0.9312132346119618
15.025699983820726,0.9379057893835696
15.041003952989504,0.9346325571773062
14.996694740598135,0.9699995026873964
14.997752512308654,1.0023696679724476
14.992567298765644,0.9927318738177108
14.98670016604011,0.9928565281834656
15.01923635620346,1.0153836533441978
15.024781220921955,1.0469925874128785
14.99882750934517,1.0781278606343625
14.971090692338922,1.0456066228173575
15.031368912946215,1.0592562348375865
14.994168542016231,1.1127042093103203
15.002800045172696,1.117387207609856
15.034137127897788,1.0896945953326562
14.990245438756403,1.1233676497209693
15.045924266425317,1.1674535616079926
14.968957003364318,1.1184981339791291
15.010074196021357,1.133864186619191
14.987287562078391,1.165148207013207
14.995949388771164,1.2321738294200817
15.011831542364485,1.2150596675219805
14.947364544080791,1.2016746633038222
15.01815347763881,1.2199609782608605
14.97601063393189,1.212910628702061
15.008797122072952,1.2688319128054997
14.995788672704135,1.2525659870362784
14.98493261049814,1.23545413562008
14.998194111586864,1.308112870895779
15.00662733980788,1.3452961989438652
14.959469030738338,1.3399502285406613
15.003729436622034,1.2993848056540622
15.032390079537436,1.3273060846042068
14.973456385449074,1.3283025201513878
14.98396125768922,1.3810267030594645
15.029597067372844,1.3746220649016396
15.004149024226113,1.3495296917348705
15.039550002032518,1.3901605360492149
14.979671261299604,1.4292760693929478
15.004948288494958,1.441064905703826
14.977360596516132,1.4131393064008884
15.014097306279549,1.4628547643105456
15.014202475525114,1.4572177407128006
14.9973327409436,1.4905041641938022
14.970584833082588,1.4998976113631988
14.98902470492194,1.5025004703754827
14.976773572859184,1.5424876457933048
14.98889626801325,1.50577769272814
15.040871622583866,1.5398965123315649
14.997211223875809,1.5561510147382358
15.016756403771094,1.5799943162054009
15.008209874066132,1.553196055109184
15.014020692141298,1.5599273289217828
15.010095179901333,1.620397847504251
14.972072175597567,1.6441552483102546
15.02485548976738,1.62853625836788
14.990368872929736,1.6134901447978394
14.992278761018998,1.668099622391088
14.976464944442014,1.6670662790658852
15.013287781070774,1.655784824892606
14.999022905315991,1.6605983621803024
14.96717146101702,1.7019902131581837
14.980032582744023,1.7110055423512134
14.965870219700856,1.734571559315001
14.995817564621984,1.7244749233221617
14.968252046693062,1.7462193629449851
15.03274383806284,1.7539997788048272
15.005136974857734,1.7525772628667042
14.987075793257086,1.7998811914359465
14.996269697447625,1.816529544686731
14.999165610453876,1.8494547582788785
15.023951611801548,1.8173323744673804
14.973865041580297,1.8283407327130945
14.957672379302316,1.850988116893133
14.97541177549437,1.8606230214529125
15.011745606897232,1.951197540977296
15.019134525974732,1.9104231427559373
15.011781513525849,1.906623110619874
15.010445331786944,1.9247647966954249
15.01225341644218,1.9353606033818729
15.005875336606676,1.9562355390086328
15.003881559720371,1.959217031466212
15.003776650844884,1.963080245624964
14.988245812503456,1.979464690955285
15.006709896078949,1.9993360543048075
15.04027837883105,2.0299916908409865
15.041825700343992,2.067950979291936
15.022303299824015,2.0219792754840884
14.999411272414672,2.0562555119739048
14.965264346753694,2.0866929266410743
15.007047228076924,2.0672850263649685
14.986423422944467,2.08535151035108
15.031514167513262,2.109884424468275
14.991246245112023,2.116675424386886
15.017200016333016,2.1051785141036623
15.009976238645995,2.1288401960482743
15.016774590230048,2.147102442933042
14.99877385748658,2.173039194054593
14.953468887389642,2.1650335354740764
14.9723972300657,2.219885112401069
14.981719191679572,2.198809824738324
14.968886687217838,2.2105610735740133
14.939737715782424,2.220410167549721
15.016327411073997,2.2392789258697565
14.991404505780054,2.266864616854813
14.983394290189764,2.2898792700640187
14.961064815971248,2.3096576727995943
15.026352141465084,2.289439805033777
14.996688506963253,2.312379753938704
15.002232456167365,2.284501207654253
14.979413549562883,2.324616407800588
15.014928519739597,2.334945475234949
15.021311167984342,2.370879396964549
14.987005703727238,2.3262639199290382
15.036635683369196,2.3641150790329624
15.020135029804727,2.3622311138655308
15.024913205623434,2.379490793699472
15.014285814361964,2.419500747288531
15.02266134623908,2.451755588369825
14.998516006285389,2.4498391331342946
15.01254298477245,2.4333159208080537
14.9877223418483,2.447817884101869
14.986209637791404,2.4702708038291634
15.023138725602251,2.4880084731958907
14.987329205189823,2.522573997807751
15.016592331388528,2.482456651808665
14.983603016727214,2.537519698273204
15.004999752426173,2.462880341509708
15.007123407614197,2.520052332651045
15.00508997709954,2.592860681438332
14.972441311171226,2.614536735689379
14.974922196937015,2.602159479779872
14.980656182906088,2.579724824426385
14.979191691525209,2.585326280401425
15.021447227320795,2.6156413123015443
14.993248884741115,2.6390902138569343
15.002778147011629,2.6593826795416087
14.987172805972971,2.648064833195912
14.983883491164931,2.7161095222017044
15.001227440346591,2.669916348461394
15.000392082742431,2.6521156860114727
15.016076259745509,2.716532126542454
15.016945197620048,2.73554187617152
14.996932446051549,2.774637128068855
15.016788323687429,2.7255514688168385
14.986304095313749,2.7235040209964465
15.0016984408587,2.756016028394729
14.971671172311234,2.7756325639260497
14.992442685402274,2.7916751389911965
14.990528304879,2.8062101590813966
15.001120104470168,2.8230397502356066
15.006107346206266,2.823182910452646
14.996673145329476,2.8691188972920085
14.980309007529115,2.890551953204291
14.964257573300324,2.8808541203870024
15.01362962367378,2.8815751542435857
14.997914172750116,2.8561276068777635
15.024880448729396,2.9165087313979043
14.994033667776858,2.8910068096906025
15.005512331040686,2.88555550823717
15.028681233569726,2.935030463518455
14.993964748189086,2.950610472076296
15.002095183031606,2.993259864064435
14.991604672011166,2.9773404243628603
14.976194255648135,2.9903503899957475
14.97590097262072,3.020153067095705
14.96360053231804,3.056647589272702
15.030855801378882,3.0852377169305942
15.012926135648572,3.0180782465701355
14.95250380528572,3.0648715533576034
15.019268518076196,3.069348759830456
15.012240855178948,3.075609394887417
14.97566791435078,3.124048645643128
15.014344071668434,3.1082280419754884
15.025340570723635,3.078679338851112
14.998609794407445,3.099417535774556
14.993627291188432,3.14598100904597
14.97171334503264,3.159762661707364
14.981352715398446,3.1708134547835463
14.992703986257396,3.221532922836001
15.003273858158112,3.2151431034726894
14.974833639767075,3.195715133660119
14.987412760466803,3.260218418168467
15.013152594957583,3.208246312679639
14.996160089352868,3.2565333353450696
14.988645188634456,3.268427625990394
14.988964685446993,3.284559555595412
14.972473851333795,3.312351076907579
14.999632914935864,3.280510152861767
14.978809193969148,3.335902989765241
15.00674781464974,3.32394062950746
15.048125451050185,3.336560909309485
14.959805273840216,3.337725094256577
15.037743918679205,3.360610324708477
15.00799418171652,3.3973148187163025
15.043332351739178,3.362186505361853
15.009665559014795,3.4042612558248795
14.995282283785103,3.402277751327773
15.023947611454386,3.421455515654957
14.99961497540694,3.4394858162850253
15.011418051107327,3.470819490811298
14.987891963366277,3.456434067442593
15.000604466229651,3.4405186860055936
15.0165700019327,3.50973936708951
15.023918613423623,3.5042112958576497
15.0044600994269,3.497581063797519
14.969043844325345,3.5523574127967645
14.992822977778276,3.5498301098301788
14.948042680330657,3.5611876012568704
14.982041047040973,3.549370997136424
15.016875540878477,3.5719857756514792
15.012645971532338,3.5536270033821533
14.99888765125228,3.608858793424656
15.00939633237086,3.6176762775622735
14.979049418764538,3.656019994730615
14.99846240711768,3.636004672311941
14.957533641982758,3.631024145894809
15.000644041478138,3.6725002282580097
14.990769958687794,3.675915492680455
15.039661519684628,3.6983652955674913
15.035712371557304,3.7142602431164913
15.03065578284785,3.6957185418506224
15.013385633744775,3.740674445454589
15.035849021243152,3.751024809087636
15.001563039668165,3.733174646398224
15.01564886075442,3.791397932855325
14.990541275422816,3.7428622758473296
15.038381895300256,3.756377087825794
14.980153762862582,3.8089769065725294
14.994656376759576,3.839522438098714
14.967723704046032,3.8124338957861976
14.97044634665222,3.832768866286278
15.00204134333949,3.838780516419528
15.0126821724818,3.848869690372635
15.022419398377163,3.8694832226114704
14.973226467344476,3.846238376475184
15.018970840080328,3.9083193081358254
14.983551965457988,3.923753873059925
14.990452145276125,3.923444683318517
14.999758742129895,3.9041923473421662
14.993642085055674,3.902475190804056
14.992160191993175,3.945805786763938
15.031712058103912,3.976410337585149
15.013725611109146,4.006808777262987
15.005746625710342,3.9833601456566665
15.000325020995904,4.0177562343829205
14.991614640998488,4.015836706605324
15.010737210572632,4.033418893862829
15.020189243296032,4.041003933523867
15.038266813528336,4.029922486280445
15.012985560163006,4.063210150405589
14.982727727868348,4.075397793462065
15.013119836365057,4.066899521090155
15.02304789977056,4.102061492664334
14.978717054103008,4.094279715058368
15.03691430276947,4.135538757121041
14.968566630017609,4.141095396496217
15.014069623318388,4.155241064303435
14.99406301373701,4.172957626588562
15.009030437118756,4.18274472658458
15.009515468433356,4.173783572391438
15.012563984396204,4.234314276415184
15.018958452346142,4.248832911108769
14.99434065280928,4.181020844917176
15.041233654724527,4.212022463349583
14.986130684595368,4.244284983659446
15.027646518036493,4.285420847990276
14.989103968464615,4.267593676645312
15.012769238464283,4.291167997224313
14.971675070325809,4.29850899250162
14.985643201403654,4.300445700595475
15.00915988795015,4.324312793943341
14.980589028680138,4.338007262595928
15.005666374303296,4.347932886903548
14.99417256026356,4.345474160819728
14.996956283738209,4.3737129415987095
15.0642291491671,4.388649746457118
15.01881782424863,4.422043943493153
14.979735077610652,4.449087645446141
14.975421166697553,4.481361365487759
14.993344183421256,4.475910391391177
15.011432389679475,4.45964333995164
14.970299112439177,4.446413053485602
15.031623002562768,4.459581064816804
15.019448917918751,4.502221599622288
15.038671670889098,4.5066118765060805
15.014677131711665,4.5253086657942925
14.994881184355116,4.555683530730406
15.00620113352803,4.571707318547662
14.979653685872464,4.585653234325225
14.977436812681994,4.554790078201977
15.013396085864072,4.576082063055133
15.033690468424789,4.587195137961423
14.9589439371899,4.581403063715613
14.979239451655426,4.655986636170908
15.020109036481228,4.625763000136268
15.003765173135038,4.653026853269389
14.978356740851485,4.63799451848287
14.99773492150548,4.6510400350172265
14.989737674678764,4.685124571600495
15.010774163980496,4.732063755557281
15.025298980019668,4.746706427087641
15.024301673568193,4.713461343976866
14.987616421482176,4.760306082646418
15.023671348864388,4.73735205437066
14.986774479410386,4.789909252030896
14.984740383452229,4.767049697870886
14.990149090155814,4.795715158120115
14.991745536563135,4.794115133606089
14.99210452632691,4.810201658391849
15.001693380861022,4.8597347241187165
15.012186818838549,4.845418109770826
15.003638310068435,4.860223585280807
14.998716090199943,4.879798248948435
14.98937072893437,4.874604362997397
14.970544778635231,4.851098887984541
14.985188791348792,4.913080818808174
14.985549415788263,4.917900581025198
15.001895883797758,4.916871661274276
14.985104090664151,4.926724864645009
14.999156371720424,4.9677927767110805
14.995612310610827,4.973632603524528
14.990259925664706,4.96117880044541
14.994348004502976,4.986713956884815
15.014578413380727,5.004842991778537
14.486768333313464,5.012768825995266
14.534779600910822,5.056847561526494
14.537173711691324,5.015509021655396
14.53299595178267,4.9860114266104745
14.55930948271051,4.989609614889041
14.521445264674064,5.016671786452567
14.599167436214618,4.989560300251424
14.548223218088587,5.009757514972177
14.61133280698258,4.98083255114899
14.634612285052684,5.009102403435188
14.6509256236672,5.021047722710552
14.687836820704392,4.964542696370641
14.616520522388347,4.95935618469785
14.669211732592334,5.038799680340059
14.650110878721382,5.007575529963114
14.663948902328826,5.0140975912010735
14.666455463210674,5.013872199742289
14.70678358180327,5.007653708513192
14.7114277589516,4.995697960514265
14.768216130376132,4.963288554596269
14.743076254482771,5.00392185034959
14.81702338104584,5.001776471181535
14.75227478432786,4.985969616594814
14.812261365461245,4.992333471532112
14.824124345828828,4.992281522902974
14.79389504434936,4.992621242340917
14.843948136930257,4.992769207325856
14.859459600346382,4.98636134490473
14.867633026044173,4.993373344928897
14.854405227124824,4.9955068413425066
14.849483745082706,5.023746848054417
14.928727466323036,5.003254838662932
14.90131089105174,5.041689049952069
14.90191005629558,4.997124406998538
14.973961189738562,4.973168009270771
14.91224460667962,5.0230883175949925
14.93865362742616,4.965947694039051
14.95007094245234,4.99048412992307
14.993803866414844,5.008746143616646
14.981715197907285,5.006537893296718
15.000343870299575,5.0132180495278025
15.01765162524944,4.992310767440186
15.005437727201826,4.942385770772582
15.049303840910184,5.007981366720214
15.061557744264428,4.972584316103447
15.071156810527196,5.014142149423426
15.106290584340591,4.9907027264620085
15.101157773135023,5.004211336450073
15.101022973550952,4.975998667287127
15.119488260581214,4.98017209713846
15.140206176158893,4.9948643663975085
15.141919264889552,5.045095324594273
15.183158071062756,5.019188084224127
15.146279414492666,5.0115174421449815
15.186336917167267,4.96986488855695
15.174411688966238,5.02349336575748
15.271764606832232,5.002434835146876
15.249705834742192,4.999990283444872
15.244918547594398,4.994079632805635
15.22556855546348,4.974116757277318
15.27379909706092,5.003010393348577
15.275487972202969,5.017929788958143
15.269736211790594,4.992707088526803
15.29311611218935,5.004199620463175
15.316202120838286,4.976085571577895
15.324986682580128,4.997185820088398
15.353788075114611,4.969623533241212
15.373598308252085,5.00704806246761
15.355896340386597,5.019002534120264
15.36756069101971,5.001430991679749
15.34336980842968,5.008397684971888
15.40363926615694,5.001644510012004
15.439037450485678,4.982941096528397
15.447012683455135,4.978156792038375
15.413160027225317,5.045801011410084
15.419546314514898,4.978420389645333
15.506242596983247,4.949508880053843
15.486694019508418,4.997036382162517
15.476511850337705,4.98653487718428
15.526703556197178,5.001678797905812
14.479100709177937,-0.0029280728114818
14.54906977435044,0.0111698271319746
14.503103876045,0.0025922404195159
14.535090354720936,0.0080008413185246
14.54284640834958,-0.0164126271340517
14.594306334588545,-0.0237314625073371
14.579958838375337,0.0411659059892888
14.610415668638945,-0.0007285992093613
14.602734006694048,-0.0225416206301684
14.623024654532337,0.0017380462892932
14.578790722270478,0.0103452227245341
14.612109821420216,0.0109421936383895
14.65926329990987,0.0011523137633358
14.654036964027014,0.0025014514990059
14.688349742093523,-0.0080400989983299
14.706518888546295,0.0327497465724462
14.716600520135042,-0.0341739080784582
14.703215853476964,-0.0255621615660089
14.723639832276916,0.0149629322139263
14.773277956855054,-0.010157496353333
14.739247385198135,-0.0165550533175618
14.746283358827528,-0.0110370628406641
14.775030996676405,0.0249607079026874
14.811927319231144,0.0155327291924123
14.819517132869295,0.0154055593432716
14.792936755975887,-0.0108788300854795
14.845118234380168,0.0093095213705597
14.828217839560594,0.0050795709802973
14.862164183393109,-0.0041800171725183
14.831692083276852,0.0121130340060608
14.854424285766564,-0.0186924395479077
14.831782370083896,0.0288798188916302
14.9233959083776,-0.0054236003319942
14.905118725194136,0.0046805526411736
14.9155210031213,-6.180840453784817e-05
14.962409484590191,-0.0215540513498483
14.954776146067584,0.039518891747125
14.964019782376036,-0.0179160436407273
14.973432836038151,0.0006693991759068
14.99784902264033,-0.0021037900873759
15.058703028350532,0.0116183673837572
15.022384173044337,-0.0078089890072811
15.011575278991131,0.0106631509072236
15.024245979346368,0.0291684955098299
15.08517207299476,0.0121965669767447
15.07304822730999,-0.0232162352062098
15.071829459808312,0.0076538487794563
15.14403427822562,-0.0108693874711132
15.102022325955618,0.0041094108411475
15.146847154210718,0.0091324388373857
15.1317055481667,0.0167702510471185
15.159947227725828,-0.0543095373351252
15.168765717812168,0.0135943040322213
15.209098279612329,0.0228643565591923
15.16974579340302,-0.0035682053866031
15.209431891783344,-0.0112121948807418
15.197284972329715,0.0012176747974446
15.22061636058952,0.019056201970416
15.217324608827465,0.0037060392421639
15.267175133511632,-0.0166398522078443
15.256579679603256,0.0263628500121729
15.26707393338424,-0.0062742817220981
15.312093275518285,-0.0167816845883038
15.267546652834728,-0.0146985750791576
15.29823550780587,0.0057538340579991
15.338360136372993,0.0250639580986278
15.323061869340153,0.0077678373275777
15.332990124315645,-0.0033819645463492
15.346155324145167,-0.0105641349623822
15.383167012804892,0.0190603622040858
15.362216761358855,-0.0126614641672996
15.42121416623602,-0.0262272172854521
15.419635696248836,0.0034499480114189
15.433347680968115,-0.0207889980677395
15.435327035239176,-0.0060801855452321
15.43058834586236,-0.001887313720313
15.482105789311133,0.0003951733484346
15.485078803178448,-0.0198737733401377
15.49028443981181,-0.0020336055206918
15.525956059279794,0.0037293488142567
16.49902432189182,4.989071709547269
16.49160035061928,4.994555424769524
16.514080290644028,5.040791254577366
16.507233464028737,4.989255016333236
16.550549440489824,4.988192876566421
16.562635343571394,4.998970663304869
16.566542836939874,5.01639246739889
16.582561426849058,4.9698736357586455
16.640480223054546,5.022805268128555
16.62769662064581,4.966746075320403
16.644430680497134,4.999784288029508
16.673941229624827,4.9653604177628266
16.68507489963295,5.027345523034572
16.657254371266244,4.990384399223313
16.699191200597284,5.006317336267175
16.680263585782196,4.9702684083712825
16.69511432638273,5.02837135253825
16.723869598995268,4.984861487659522
16.71534198653081,4.972309438747894
16.724376403716306,5.005798095704943
16.755271195374544,5.031331705580911
16.75711872480941,5.0175345362064565
16.78955619292594,4.966978586126972
16.804346206165995,5.007004508499403
16.818363870777905,5.0113849789123
16.84183944832713,4.943181761755401
16.818394678965003,5.006575369061698
16.83454832140217,4.99814459265772
16.85970200411087,5.0107667156044
16.83774553354402,5.023975404007128
16.831673840782926,4.993203800225791
16.873234703703666,5.004631621966456
16.88359841769966,4.993714978961156
16.9317611274511,5.000640388968022
16.9409889745747,4.973864388760216
16.971530323648132,4.987104028953048
16.954416929919624,5.008686593272456
16.929811791339432,5.002837567466205
16.98306107659988,5.032353349309105
16.998488994560955,5.010797907545491
17.019877735940465,5.019518108537205
17.016745975072865,4.998062873375185
17.007703828923212,5.014022481348574
17.061101348822064,4.964932984339701
17.02704493611042,5.012693497116827
17.07112789402377,5.000551019064638
17.072410820433127,5.027794316411024
17.12369339023285,4.975456952006165
17.117158596607414,4.98263028124946
17.123847340539957,4.984296078037428
17.132629246107477,4.973534629539323
17.127062092156258,4.979293338076417
17.137984899554386,4.975739746494267
17.155891541564387,5.002553759515339
17.19894973957677,4.981344627663893
17.20745675165379,5.053302333474275
17.228096155524998,5.00590887166253
17.205379698578295,4.969968574539082
17.240778633488844,5.01389787752803
17.24509692567468,4.981525642272011
17.25279275161642,4.979585236689419
17.235938600460376,4.986819104074746
17.278054042010258,5.006147799122075
17.291193495155245,4.970058305853915
17.32428753636047,4.982387328724997
17.274214855484423,5.03338735087227
17.301920520175287,5.009149195144103
17.353105452853,4.973905624520626
17.342252398037427,5.032091303342336
17.375310109790785,4.98877927740157
17.40132295934904,4.975764707831236
17.38445807464281,5.043694200274692
17.392961296507185,4.998818744057606
17.41198634395398,4.962388537067582
17.427962157576335,4.987543020663044
17.44102262025413,4.989837152485369
17.46755025608153,4.985229561572641
17.475467554896962,5.001545268615529
17.467382035573458,5.006381760815688
17.514987047090045,5.009852292872799
17.479126829876297,5.00774203791299
17.523214475388418,5.035300341490787
17.544548804178568,5.010905814653105
17.534893718795853,5.022097060807187
17.548762413270797,4.971291625615622
17.56005112994555,4.970374483865554
17.589710796649246,5.010438951235449
17.58296971089395,4.99247829624044
17.565369271968816,4.984477319019395
17.624654358760427,4.963435813486202
17.60827868380634,5.004447484889232
17.67201727966727,4.996596288046034
17.643541753885145,5.012107663457663
17.653256129840535,4.96380471460549
17.669448833421253,5.015679752528421
17.699600186994402,4.99164260564682
17.705084624063893,5.0180907131202135
17.71462657762032,5.006431436838871
17.7521272517672,5.026659885847178
17.733672384930877,4.978528664454291
17.77103682923227,4.980963044899404
17.81473348513896,4.9877841971311945
17.790850880625136,5.000841654728988
17.819762128306856,4.99088666532128
17.807706083472727,5.024626030140333
17.82198657441296,4.991137768404125
17.85800347899613,5.010912816756221
17.837150361761495,5.004514100766135
17.85566423612698,5.0116434598961215
17.897047292133117,5.017592977909579
17.847275185587,5.042703675215925
17.87919301336257,4.959254624577083
17.913127101606165,4.992125291752358
17.917906055354823,5.00117040096576
17.94116323135478,4.983440254523666
17.931478309669092,5.027170578084823
17.922610157657633,4.986880980643956
18.016774683566325,5.031162345206655
17.989316762583222,5.029625290460836
17.961588110117813,4.979936189325506
18.03917592213218,4.98367778178122
18.029177411541568,5.001488442562956
18.021225903070423,5.011540310804961
18.05674599009357,4.956527620284007
18.080620598761588,5.001396254159211
18.078584859814907,5.006872827496076
18.09251379731501,5.012526771305301
18.077094797794818,4.962145011330849
18.11303248876972,5.022200226956157
18.12255854260376,4.989077380183019
18.108595980732023,5.020063493212801
18.16557063392974,5.010760587138678
18.14122214678748,4.987941266008028
18.21661508562393,5.008499790919768
18.19116301463905,4.984877492593509
18.22832060179276,5.012226450878767
18.23106589976445,4.980988287543022
18.236409160088385,5.010365318304659
18.23489234443753,4.99091733663078
18.258570816875725,5.008240547440641
18.27083169528057,4.992413177731557
18.27061671779233,5.007039594068648
18.319562515502952,4.9847062326727904
18.247636357333644,4.985005990718801
18.3046302606833,4.968947587857393
18.320673022133786,4.99658321210146
18.38716863929028,4.98408074995821
18.32356382695816,5.007688308072842
18.358038319132536,4.970671044921976
18.353021992349536,4.9670250017296045
18.35126749008312,4.964476121556956
18.372683110120736,5.024520649512587
18.45843272664974,5.028794981325543
18.442251631639365,4.966927545879913
18.43149656444649,5.000402391482635
18.428393168248714,4.99642579335874
18.44067988305813,5.026064463817982
18.4636630647632,4.99016529781464
18.47602303433729,5.003774531479223
18.48972806195733,5.019657128843996
18.4605368379911,4.9652224157333045
18.514079358782183,4.985160287203111
18.48874277016631,4.9588653021230895
18.45206322290804,4.927001601478426
18.48313428473011,4.962345259683944
18.470462602150693,4.952436877847304
18.488633423076653,4.912877423768526
18.479228289130795,4.917264609871505
18.4778315456282,4.910721800848046
18.44755270654048,4.882960606797728
18.4729789311673,4.898761408286221
18.467916687402703,4.867289038170684
18.437322296517,4.888207045815187
18.43426968851273,4.837907598801692
18.418386616884256,4.8207830528087685
18.42131067345062,4.821709019138518
18.45171111086555,4.808295024302729
18.43457619788608,4.783816908342713
18.40837736870756,4.801937286326236
18.44158503466656,4.7934128492743895
18.431877215876835,4.7721307556310215
18.37725623736196,4.744483925428054
18.38317372195529,4.735868939587217
18.42107547221393,4.728012308448112
18.3778788577327,4.723688037457497
18.39339492686945,4.706975997569669
18.358257663846526,4.690070290478439
18.3873999787949,4.688969102266745
18.350447620796547,4.653080117498979
18.355396212955142,4.629140585585475
18.37819974345694,4.63842387183771
18.369458022845752,4.604126146226303
18.35454001213252,4.610992990224617
18.377105978235587,4.596793349611732
18.382812179600805,4.592775990974914
18.3422781546673,4.568469513097681
18.34106861576573,4.554373337671582
18.3185675369228,4.586483963092596
18.28644332791132,4.555053592647362
18.318826116032675,4.544081297343149
18.30439676046998,4.546924139416892
18.324667672680963,4.568869810170339
18.29824282840896,4.5277021252881084
18.297664283779483,4.513243060362537
18.307533597063266,4.474640124402229
18.26834752267368,4.468326207737547
18.28428005165762,4.467235982847593
18.28927753191425,4.45378696150958
18.250238335230907,4.473524523962423
18.27639087302815,4.438320081369075
18.25256514890001,4.398267449577781
18.32014422292063,4.431071814027385
18.23868101647728,4.403266138640302
18.301992297930457,4.372396985961529
18.25902087345752,4.3339564108268585
18.269713772067803,4.325691650515925
18.27573318907108,4.331280723146569
18.26247766581276,4.336369914892813
18.23124194379957,4.31427790320507
18.219408976294933,4.317971183967563
18.21501391065217,4.303752638339712
18.20702903719762,4.298619085602791
18.18002503620208,4.288442459590659
18.17216841095168,4.263512061343615
18.21273151238085,4.26712209183103
18.22968815329458,4.232312135513824
18.176041859808752,4.201245951876441
18.236974498664846,4.2200120432002
18.167143344681257,4.184763058920709
18.18445275205771,4.219353595768415
18.159783623561207,4.16707692471958
18.17883043972021,4.183302908975231
18.17310207729828,4.177069773474817
18.123766185867808,4.1223211460459686
18.183204233411704,4.139778871320953
18.14615396435115,4.13541078289095
18.17819911434008,4.113063528890043
18.12849427375388,4.090246222125073
18.14701846031612,4.089284936911983
18.10937765441564,4.053560362795151
18.125294939125297,4.0507421925942095
18.157406880855465,4.074130664103987
18.079138037103714,4.053306108010129
18.10277814212327,4.020035870777204
18.09760522133397,4.044815316759952
18.108882161662933,4.010304167639573
18.106534670917963,3.9989510304066136
18.091089963580828,4.002736546671367
18.08232023809432,3.9587524475945486
18.10615963088598,3.956150828031874
18.07414340908031,3.958609916951882
18.055159732272752,3.937604561638075
18.08577537365677,3.927032580123943
18.06003112017256,3.9300454823776976
18.05198844804877,3.903072071198374
18.05027944280132,3.886088812176935
18.07931724262501,3.885146354649927
18.04659494342633,3.857560753247173
18.039520229444776,3.853351485245552
18.048664820596585,3.847455138992269
18.046296889160537,3.838189745335774
18.04015343417541,3.800865270380543
18.03752848675174,3.8098328191092223
18.0534086822152,3.804866285675411
18.001715301580045,3.785399839769812
17.993564080416764,3.801994505086767
18.015315592908955,3.78289235820746
18.01721943883031,3.726548824726705
18.00526319886289,3.7387221607787455
17.992912780925202,3.756492304212321
17.974875145420544,3.766276582872999
17.97669103897495,3.6959585916094473
18.02825555291396,3.683389447694585
17.9583986416697,3.739847954675935
17.99112347258119,3.662473574559305
17.968106563321527,3.7099498776631337
17.959745595614404,3.637514978701714
17.95294503565951,3.61249991103969
17.939620878212427,3.657082096939464
17.939715478946205,3.6009349318375694
17.977418873671404,3.5891926514221963
17.924741663724507,3.635078019487076
17.926207802115176,3.572988867055165
17.93387625700102,3.558064243539578
17.922559361472715,3.543361319996136
17.914065127952817,3.5485131169430693
17.92093842336735,3.508191536273109
17.87448853324872,3.5389921198552656
17.911704165849727,3.518231974881993
17.86501036229448,3.5094072776012326
17.878750541767484,3.459382494897061
17.869945703391952,3.466248541160117
17.90630049166686,3.48139911751411
17.872726620863705,3.437893976651739
17.856267577012204,3.4119158354261048
17.87704019835646,3.4481081921432204
17.888719437860694,3.412956929876542
17.87700114567766,3.4238934686815745
17.87180978311452,3.394839557956044
17.86381836536962,3.363955549407893
17.851148188524853,3.394968274154016
17.862717271887067,3.326192830407428
17.858473203553608,3.343120656660093
17.82830379044239,3.347158548532066
17.801097309262705,3.3508189427507675
17.801292195138018,3.328810324791176
17.81329408461549,3.287347320637931
17.830548723872,3.29562720821634
17.775312754029983,3.2322166055156085
17.763584256073006,3.2734727362152
17.777528501057663,3.2591832848019684
17.801534022102192,3.261294179833228
17.808196316935078,3.2496488836572324
17.76726305341009,3.1967056236491724
17.792403457285463,3.2074323963811446
17.80022060624427,3.2218716470957047
17.75714416514276,3.164453254272392
17.774853796786587,3.1849816762123506
17.757961295572024,3.1800029860393506
17.75164864488215,3.158282784147981
17.752664907090168,3.138828756746708
17.755537356214436,3.161883679483555
17.73581300946282,3.0970731814073864
17.767379671780834,3.095682863775062
17.72133180572035,3.0847106725511653
17.731028204431595,3.082860987993825
17.741274791402944,3.037095881354987
17.665951696797652,3.077331314017872
17.726152705694933,3.036933438007176
17.718593940354122,3.048702150975662
17.6877100215844,3.010230111644668
17.722265913245323,3.0004943663915133
17.670245642239063,2.99702485176082
17.732569474073426,2.996517927887531
17.69854488640377,2.9635125091817023
17.688347027394794,2.943755011714294
17.66152359215509,2.9528784399561383
17.68290808047214,2.9369917592613675
17.681995338772506,2.968474038580145
17.657554392948377,2.8768332917491186
17.67717800787591,2.8833711878448867
17.641223940640916,2.882723393008231
17.641402998529646,2.8546811757966144
17.627511978903534,2.878443088777789
17.67658784297766,2.8772231822195944
17.637185888377925,2.8612882320312667
17.639482164282228,2.849262787595332
17.63303429192346,2.7910890608497003
17.614666750682016,2.843365613913204
17.61855314604105,2.7993474603815622
17.59528316657103,2.795279126391564
17.614042789919022,2.7625555613906574
17.61860889314454,2.777814001798119
17.603341505744982,2.705049898560236
17.599274374249692,2.756464205068001
17.60860541523915,2.7294891047584944
17.577939494428886,2.759225434732272
17.572277221166573,2.7113915858291544
17.602595362543088,2.6865095176996143
17.54755560780882,2.666587106959021
17.54993786802349,2.6769413587530098
17.619401461139383,2.6757844313312016
17.54103870027052,2.637493368916509
17.586798428619876,2.653187379615915
17.537149556027373,2.619105819646461
17.544494750738416,2.609727173752812
17.55107420835199,2.5685335630208503
17.548218883977956,2.5997101571853736
17.493099528769346,2.5969146106404435
17.532631598315245,2.5767513012133936
17.523654562197237,2.50824863255636
17.549137808420888,2.5479522088541584
17.513587249794515,2.522791174993185
17.528075247342787,2.5445075921250626
17.47902256814144,2.5019670269206915
17.51592757483394,2.4303418962586067
17.503978612919727,2.416178619423677
17.47309493250055,2.4651008443531643
17.445906299785694,2.4819904196724667
17.473586433925306,2.414924274915025
17.460576905001982,2.4563866933474268
17.495294466037578,2.38375310696476
17.48148372586163,2.4456908168240528
17.472410120337475,2.3976527171679125
17.431418505305217,2.394543513120396
17.43063499863463,2.342919318195793
17.44592295374027,2.387851668714428
17.441275293460208,2.3974303127628365
17.43769795428198,2.354555838854272
17.45616874274752,2.324899554541118
17.409503927089833,2.2819930610523533
17.42492687135851,2.3121909695562577
17.421537070748634,2.3179323183982907
17.428134397528602,2.250678764990924
17.409756364057195,2.278882221735284
17.408570452246266,2.315031844338832
17.366761442806823,2.2493366650101443
17.403534925232865,2.2227585063067514
17.35228317682688,2.227323574046072
17.384484857652684,2.2160591978363384
17.34811010867421,2.186905857714831
17.399736112573805,2.202887536075339
17.336329192950522,2.181016461863259
17.33485906752348,2.1418621834552742
17.345328141917683,2.162521407599299
17.35494469768876,2.1300647032212154
17.354696540691034,2.088100716469814
17.360391221697117,2.1510006342876973
17.328835925265388,2.08843591130054
17.307909573764498,2.1052547324873263
17.307211043590595,2.0662876058312616
17.340072838953574,2.057586142954499
17.311357118472106,2.045811215348533
17.37712822951871,2.0671642651476505
17.30069618103855,2.034157287851217
17.31607873417812,1.9849029068394648
17.27081480461252,2.011415390869209
17.269106572650486,2.005552790422048
17.29493236549401,2.000682503098169
17.31988314486581,1.9761801142262003
17.308197211771628,1.9624071169846664
17.257805254727362,1.938668124929376
17.28965475183551,1.932040776060672
17.28293487530548,1.9412377094195727
17.241275198148536,1.926039609885165
17.261923644341,1.886749486061252
17.296802970421968,1.8780699045899327
17.267827545820975,1.872895156447923
17.25153588293129,1.8720295395329127
17.23324625378236,1.872912771048368
17.235733778643123,1.860510192238524
17.226056919049338,1.8269076884473945
17.23638540458674,1.844540225201552
17.247281458774587,1.8235076474452467
17.198814030973587,1.788204659226625
17.231473930706446,1.8075858705658845
17.225140604101878,1.812168922962009
17.197542106567457,1.74199556944227
17.171112380136446,1.7441107875485378
17.185499286217482,1.7892750317394364
17.20503555783121,1.7314649799642057
17.189607566873832,1.729046105204802
17.200316029841,1.692418701879476
17.170246598753387,1.7025698380374583
17.147635320072098,1.69125098478831
17.18147886257385,1.6770178908760625
17.16234422632549,1.6337674348275544
17.133696691046342,1.6615446695119187
17.138663133074616,1.595724950426301
17.184667979382944,1.662044860216677
17.191699000786173,1.6288552780627985
17.12878895053717,1.5965141398724214
17.155289588319654,1.59903064209098
17.169554813715255,1.6009943054766165
17.10196761943447,1.5819335051563432
17.11293835416537,1.573789481879001
17.070150042565476,1.5767677039506485
17.136159070036772,1.5392670487754867
17.117615629997662,1.545965952712134
17.093017268990458,1.5228916543974165
17.109011368353737,1.5314243270410677
17.065810975477707,1.466574404080654
17.11821113031086,1.506987480656935
17.08633624369221,1.4820918466133115
17.072928339278036,1.4800163711091716
17.077866580304736,1.431886852638503
17.07219844963371,1.421504819054316
17.06629752100083,1.436776823787086
17.079989991872647,1.395657608698062
17.082051693846605,1.424325692564198
17.046006983538753,1.3843554143231476
17.061918629234828,1.3786125875621855
17.04145772244542,1.4319872994545313
17.023146640069466,1.3509247636754498
17.058279094480618,1.3577440316597338
17.022948262737344,1.3665115617292165
17.01480247979604,1.362970230600876
17.010420955018983,1.300892706519739
17.01758792645871,1.3306820291820292
17.02078093589113,1.3025279263198748
17.012790603784037,1.249232317480106
17.020481135505563,1.2671353496046216
17.00328146373868,1.2345628419935228
17.033956723031622,1.2335117532959452
16.997060995650084,1.203484370582637
16.975594933016442,1.187845328617531
16.98159898532745,1.1985613030040625
16.95545968759953,1.2180123739921291
16.986811067037028,1.1744331957857466
16.973460399116803,1.1813816558058077
16.96026045985999,1.1519621016728143
16.975728280883285,1.152598600017062
16.939400933538106,1.1263099549278424
16.954158314199933,1.1512712172038393
16.924171031708163,1.114280377272467
16.931480995730876,1.080351366850435
16.938514338285792,1.1025956735047184
16.901024977953533,1.0341736138980433
16.931980911468813,1.0743956190177764
16.96212421737936,1.0102316149637285
16.908572178110276,1.0850099732176308
16.89744001685831,1.0338554623505674
16.868045964484974,1.0194940320279429
16.90471754473655,1.0116768887013587
16.898035930372977,0.9860508845861026
16.91756464610428,0.9945760720653778
16.891982053923932,0.949999805972967
16.884116629667957,0.9471624123095757
16.866342898117793,0.9443797396801054
16.847492425333314,0.9368247332001756
16.886444722053323,0.930391949825518
16.829395717520825,0.937702255785804
16.880379967253536,0.8912122756592004
16.85567540534521,0.8807827933698229
16.83530451819503,0.8666803847998461
16.882853700250163,0.8517620857874486
16.81259807301187,0.8517273325998584
16.854910320045732,0.8392222759695775
16.8543919126536,0.8330293001030411
16.84859293048201,0.809989445741672
16.815028916367833,0.815470133937285
16.84634409278161,0.7724604936981808
16.80668426273425,0.7573424093714545
16.852500732627913,0.7739734031178443
16.817417370133494,0.8044530361727804
16.837338511999985,0.7879375495712471
16.796418971682186,0.7664810186824477
16.807199642793815,0.695586141079852
16.781531145508822,0.6895347348280157
16.778881115322427,0.6905203867554155
16.775943756727965,0.6931419985508172
16.78479615911656,0.6751837654378546
16.737526385803175,0.6807817650585039
16.764495134737203,0.619281292290432
16.773466734846426,0.664496235612767
16.748943968404404,0.6399232111967263
16.726088032705075,0.5925488276898414
16.778429486523088,0.5934285265630859
16.7696666167894,0.5826140736895755
16.749185781437664,0.6283058717668377
16.740143427399996,0.5202730668277628
16.7323297753136,0.5903545355245617
16.73562922231327,0.5444052032260123
16.709179344801772,0.5410255752007349
16.683232474116217,0.4893459727588304
16.697025240299904,0.5146010465881133
16.74762288829455,0.5295728883545785
16.644442767957933,0.5100046472643078
16.72921361087404,0.4790273188697227
16.70981630510668,0.4563638795184097
16.679776304873695,0.4856152845917537
16.689112138576448,0.4789808049878269
16.666656547567975,0.4586650984706153
16.67406908548755,0.4312511248100828
16.687794127762533,0.4232767228939714
16.68978049342916,0.3787788610881777
16.662836230095824,0.401099402237757
16.634513555609903,0.3656534667171847
16.62805228014074,0.3395438354978259
16.62371164109173,0.3516785550456722
16.635667283340215,0.36425554270471
16.618777766287362,0.3176079202521246
16.647554413731488,0.3297186538843602
16.59377263936788,0.3047232016073138
16.63872748427307,0.2763565611332699
16.62972812025574,0.2602710930480892
16.61929861209686,0.2501648781144416
16.616753428293237,0.2734116706833062
16.6063342199539,0.2137031519485162
16.58566373223076,0.2328744818551386
16.57304923417175,0.2210119275376544
16.594697310392775,0.1935197030074851
16.564225927327964,0.213329385458543
16.569969281864747,0.1894860574406948
16.60764379497787,0.1668954816709677
16.588166138729697,0.1984149016139073
16.5368318931334,0.1040068596393333
16.564458880722473,0.1626563789686151
16.55627593544815,0.1304767437653025
16.543747757456863,0.10967872862521
16.515957197611566,0.0843937004060106
16.502893474096258,0.1155031539702582
16.518124200558294,0.0936264017164457
16.539483360259613,0.068332181458694
16.532073428511943,0.067779871884993
16.517806364689033,0.0621048765703513
16.519805202583274,-0.0040934080575101
16.506751986387552,0.034316749657613
16.480114732786834,0.0100673781723697
16.52252576621033,-0.0047531593382923
16.507425942575253,-0.0319951282385556
16.527943057651395,-0.0224475665675705
16.52456140178667,-0.0054154691683501
16.52888018995256,0.0049212310201297
16.58064880172515,0.0314715037018057
16.550329132577787,0.0108042038707604
16.562990615181988,0.0151155938233237
16.56336472211002,0.004441279547317
16.59773568907039,0.0216317636623746
16.600082804873367,-0.0183445853861959
16.61999954461837,0.0006093558194384
16.624605350326245,-0.0109706292106938
16.6436650336845,0.0146864077804323
16.68505574917854,-0.0020416611313421
16.689926420069618,0.0001561268870101
16.691288221447657,-0.0311976919225423
16.714288677536665,-0.0122459108424078
16.709513395255808,0.0033871695782991
16.724786613240788,0.006020333128375
16.742756632085346,-0.0182226623467299
16.738589499945107,0.0033559970914622
16.76682993004318,-0.0021692277892746
16.777798113919726,0.0404631340234352
16.78782489669712,0.0079422304174245
16.79242205203549,0.007028770780575
16.836605797522544,-0.0073346222370317
16.830083743319246,-0.0096113506787126
16.845687204366417,-0.0133999373844852
16.874510365321118,0.0029364084507294
16.859596327949046,-0.001277782671317
16.89359281504067,-0.0239822632479832
16.880807439650567,-0.017826918457937
16.900931218456837,-0.0110849971320313
16.911920470022395,0.0396561257705356
16.895505543656217,-0.0163177174532569
16.953673266646163,-0.0177402661433868
16.95871830682545,0.0070045444375586
16.963920853044627,0.0040954791486963
17.001583255583466,0.0001693627188315
16.976364389233865,-0.009961771830325
17.00018730479836,0.03528656750352
17.037164697192413,0.016521028269234
17.037299096243984,-0.0085683986597898
17.024185331548487,-0.0092119573603492
17.06145182467997,0.0127210827832157
17.083536740990972,-0.0006214834994216
17.061066142871475,0.0031750733222071
17.127642173248187,-0.0040118481545748
17.075170568953208,-0.0078428436835109
17.101792233860436,-0.016841403397569
17.152937934421804,-0.0186254185868926
17.114542281100146,-0.0061236082414798
17.19618593243919,0.0012793192926618
17.151201806870628,0.0429744292146505
17.181704802650184,-0.0029086574733119
17.181992479202606,-0.027913788486494
17.231111620376122,0.0156314158581166
17.22008354709321,-0.0068562026207859
17.22538823012751,-0.030453714842178
17.22623088885475,-0.0243739640311777
17.268689774153504,-0.0414522023995008
17.277888634607336,0.0129656195289534
17.257594444046838,0.0124909909611678
17.319968487575803,0.0035127270426914
17.27352594491241,0.0053631146545198
17.317640885146012,0.0327674139875918
17.31742834556551,0.0264642054645067
17.349444977753134,-0.0226723879206418
17.361840533499365,-0.0080499640545807
17.372800116756657,0.0381093621473444
17.365921522097796,0.0130664673778589
17.3922030953968,-0.0019480591379655
17.40091118763019,0.0258423722145343
17.424452787635136,0.0073829922693244
17.43198624650373,-0.0399848316096273
17.43061331325488,0.0141428069047271
17.452465411834403,-0.0390352266845997
17.48300433527721,-0.0294046148650528
17.490070526497043,-0.0189673621838543
17.49202571416113,-0.022726462367297
17.5216933298151,-0.0068231863859772
17.46015306427351,-0.0292543012718389
17.533625837258036,0.0089870588129101
17.52247620458421,-0.0001960728422696
17.583176085618167,0.0192686560429475
17.58412291404674,0.0004304392911772
17.602439098411857,0.0172994667007936
17.59862014722942,0.0140856813698404
17.621229418559444,0.0207037354536512
17.63048074808099,-0.0039285382341734
17.638608849028486,0.02562658341092
17.6348476909349,0.0057885325722201
17.659744535107478,-0.0052011076516983
17.683148840813455,0.0053108813805736
17.69450746230184,0.0104160565690945
17.681684181028334,-0.0005738358264952
17.660514373551965,-0.0074404636263886
17.749594024342663,-0.0308232019071564
17.76301621238299,0.0492097196078179
17.7106331060054,0.0147417861638519
17.784114224359172,-0.0368917605406218
17.75760898386066,-0.0207321458416067
17.820624132375354,-0.0017664730379332
17.796821407307824,0.0348607507838178
17.81369072171776,0.019292078504786
17.809605912913227,0.0232047315426218
17.815728443263204,-0.0341184081073488
17.85360294643153,-0.0109198205347197
17.875893300478086,-0.0146264646165974
17.868752722540723,0.0051829648539715
17.87956015713876,-0.010192136679479
17.939723788661304,-0.0020003980804124
17.898136532763072,-0.021787421668565
17.92094676909383,-0.0022625707040917
17.948721811640947,0.0007495227500346
17.94640692857638,-0.0206573832730367
17.966928182620133,-0.028638553477964
17.983376374080247,0.004551736289466
17.96975575993808,-0.0024613029769468
18.002403709887492,0.0042072275662761
18.057568227123063,0.0005505322644271
18.01678430063544,0.0234633806729477
18.016622340279767,-0.0079307014976992
18.05126513020956,-0.0035253772599091
18.089472450254146,-0.0076661026659558
18.074148973300428,-0.0002906164494146
18.119291851049784,0.0159669152286692
18.07163452221525,-0.0314248255851518
18.09789476019092,0.0127393888405698
18.137451032837465,-0.0285971486373722
18.13003046248673,-0.0113950006307585
18.15043082797097,0.0018336041344426
18.16099076240249,0.0297212352887233
18.16291755281744,-0.0006589757816742
18.188415678156662,-0.0092105540392521
18.19281051922602,0.0305630403462262
18.20183753987561,-0.0129278427042826
18.190371781437683,0.0121098847413903
18.23510814146689,-0.0054385414998199
18.22959619061236,0.0139653030313958
18.24354192183292,-0.0098759946702701
18.28020391872037,-0.0085827379052361
18.28597532864502,-0.0009265029145014
18.305096219612548,-0.0052515202250677
18.331471702074943,-0.0065233705546251
18.349431386500004,-0.0158720247708315
18.358588613640585,0.0209617929182031
18.313411848888894,-0.0017160714241878
18.34616424488321,0.015975689621024
18.36767744479985,-0.0113508844332966
18.35934566601888,0.016659490724379
18.4049515982943,-0.0276010607455459
18.421953222753995,0.0056939809938597
18.43843702087977,-0.0044482896722839
18.445437980759905,0.0063096801520753
18.43024831681411,-0.0267486697842608
18.481944161580987,-0.007066462969774
18.46904389836609,0.0261878522545295
18.48627043890563,0.0113335218910912
18.46070185262706,-0.0041689540063304
4652444.879872361,1408562.2079862347
938314.2790135044,4031875.951403117
-3027846.2107970435,-4611708.684287082
1320340.4088366523,-4675369.386200973
572148.36146932,4204660.523555489
1187896.7997435173,2814893.284313376
2619537.8822766766,-3270795.480376046
-1293866.1097975343,2792976.428207516
-4281601.523187542,-4696831.563198442
-745976.6560454387,3010382.978637832
3969114.0246591736,-4639991.924430351
-812823.1416343236,4468497.959300349
3162275.48284031,2774753.3196664182
-2343843.052565494,-3667928.487817589
4517850.457210865,1414958.868050822
-904505.4741723748,-1289563.7393190693
-2657405.9152100347,-3528790.1498036087
912089.6438522805,-3243750.968296192
-701766.3945762562,924997.1250361558
615340.4562620213,2651252.814711096
1251448.5840925658,2459116.3404286066
-4680896.686168424,-4388341.114192928
2609675.7322020056,-812615.3059764742
3517011.517179517,-3933968.608570848
4879621.363444865,3072309.6054977626
-1297292.6529302308,-4696962.405559045
724803.0760377133,3222645.660010522
4811987.200648546,1226244.68642506
1153464.8886265634,-4017620.1146822255
305142.11618808936,-2577175.2785989265
-1751744.0167911812,-3960772.2973508895
1601106.2690419843,-3657505.1984051154
3757999.041994104,3802255.693797698
3777202.656286972,-1745409.594104379
2079655.4607409253,2862816.879868351
-3586750.7937562894,-3574766.9357271306
2825909.782768502,3403166.562982179
49616.05453243293,2923300.668196087
-2268367.4333186643,-3375730.6698538903
2911178.221042185,1953727.2350995208
-3171839.4659956084,2569292.2566435374
1568217.3079891,-3934759.017319103
-4539816.805232564,2421883.0213724617
-3053404.2156233955,2621771.4943297207
1551393.2133828858,-1927287.1297397777
-1981605.043590471,-2666280.6228918047
-2263392.1137296185,-4554151.549800306
3153864.501652664,945223.1423775804
-4257559.06084775,811660.9068722744
863285.1708418299,-2874179.5599676524
1519054.9131128509,-756518.102631255
-665011.7349122334,-20865.204965325072
-2038667.6627738765,4237349.046736602
388464.5932139512,-4409222.863025589
-4781791.321104114,1687252.9315606805
-4717694.511382029,1335640.529772169
4280539.855858069,2469558.4113136586
-1877710.230448709,-843641.6864126297
808042.1496093692,1473024.62245595
-4874730.884963075,3595949.204413779
-1256724.787750163,4410212.780757058
2278548.419890989,-2732374.980791522
-4668550.628950062,1106447.7797073722
3612983.0076385234,808200.516551448
175746.32804767974,3711247.978171943
-4673645.716632898,2583172.5469979374
3855902.0135765336,1019619.2325266236
4175426.853579696,-3885839.921238232
4105552.464598468,-2369689.606301368
-3372193.779282532,-3154727.8074874217
2949491.892026541,-2039094.064741316
3236682.9698638823,-2441899.0175361964
-2468214.6496951487,-3822959.9670024784
3458009.448782688,866685.2288130159
-2866523.635804773,4413473.422055261
-444059.3752873121,4158906.89128345
1340046.4503395762,2634208.737855224
-2567019.59731384,-2974695.424860624
503876.2842512708,-756114.5638870792
-473331.1766140107,3197812.820782734
1158284.0137535576,-1140303.2470768536
-1005093.6347307204,778571.5992105342
-4950070.418381897,1198501.6656250246
1684996.5036097318,3594420.5448860787
2872883.185802509,2984802.6064461293
-3135624.6464442573,-2717464.444469516
-3889678.7390891374,-1079105.4458285356
4446328.333103748,3553726.127347339
-791829.4641218903,4139726.810719893
-1419995.265265266,-1332706.0429764115
-2523748.1761934,-1548346.6819121405
3282988.419584783,2359998.424006383
1135231.9128116537,2770926.806669619
-3461391.959634329,4582979.0501067005
3454842.062232835,-983773.8760712002
4076979.713782,-1330364.059109416
3607138.323687784,4521493.452410931
231086.19261945784,-1391187.481380446
2297904.218162206,-4049681.878223851
3042022.0154783595,517407.20530853234
